"municipio";"codigo_ibge";"ano";"grande_grupo";"familia_ocupacional";"ocupacao";"codigo_cbo";"empregados";"percentual";"salario_medio";"salario_mediano"
"Blumenau";"4202404";"2025";"Trabalhadores De Serviços Administrativos";"Agentes, assistentes e auxiliares administrativos";"Assistente Administrativo";"411010";"6700";"4,3320";"3412,42";"2857,22"
"Blumenau";"4202404";"2025";"Trabalhadores De Serviços Administrativos";"Agentes, assistentes e auxiliares administrativos";"Auxiliar De Escritório";"411005";"5801";"3,7507";"2378,64";"2157,04"
"Blumenau";"4202404";"2025";"Trabalhadores Dos Serviços, Vendedores Do Comércio Em Lojas E Mercados";"Operadores do comércio em lojas e mercados";"Vendedor De Comércio Varejista";"521110";"5140";"3,3233";"3499,18";"2744,37"
"Blumenau";"4202404";"2025";"Trabalhadores Da Produção De Bens E Serviços Industriais";"Alimentadores de linhas de produção";"Alimentador De Linha De Produção";"784205";"4491";"2,9037";"2492,91";"2332,15"
"Blumenau";"4202404";"2025";"Trabalhadores Dos Serviços, Vendedores Do Comércio Em Lojas E Mercados";"Trabalhadores nos  serviços de manutenção de edificações";"Faxineiro";"514320";"4268";"2,7595";"2052,53";"2030,3"
"Blumenau";"4202404";"2025";"Trabalhadores Da Produção De Bens E Serviços Industriais";"Trabalhadores de cargas e descargas de mercadorias";"Carregador (Armazém)";"783210";"4157";"2,6878";"2184,05";"2020,95"
"Blumenau";"4202404";"2025";"Profissionais Das Ciências E Das Artes";"Professores de nível superior do ensino fundamental (primeira a quarta séries)";"Professor De Nível Superior Do Ensino Fundamental (Primeira A Quarta Série)";"231210";"2800";"1,8104";"5757,6";"5385,14"
"Blumenau";"4202404";"2025";"Trabalhadores De Serviços Administrativos";"Caixas e bilheteiros (exceto caixa de banco)";"Operador De Caixa";"421125";"2619";"1,6933";"2318,95";"2310,98"
"Blumenau";"4202404";"2025";"Técnicos De Nivel Médio";"Técnicos e auxiliares de enfermagem";"Técnico De Enfermagem";"322205";"2291";"1,4813";"4565,91";"4073,57"
"Blumenau";"4202404";"2025";"Trabalhadores De Serviços Administrativos";"Almoxarifes e armazenistas";"Almoxarife";"414105";"1975";"1,2770";"2725,27";"2506,03"
"Blumenau";"4202404";"2025";"Trabalhadores Da Produção De Bens E Serviços Industriais";"Motoristas de veículos de cargas em geral";"Motorista De Caminhão (Rotas Regionais E Internacionais)";"782510";"1937";"1,2524";"3686,63";"3440,27"
"Blumenau";"4202404";"2025";"Técnicos De Nivel Médio";"Técnicos de desenvolvimento de sistemas e aplicações";"Desenvolvedor De Sistemas De Tecnologia Da Informação (Técnico)";"317110";"1890";"1,2220";"6389,98";"5889,31"
"Blumenau";"4202404";"2025";"Trabalhadores Dos Serviços, Vendedores Do Comércio Em Lojas E Mercados";"Operadores do comércio em lojas e mercados";"Atendente De Lojas E Mercados";"521140";"1880";"1,2155";"2197,05";"2167,65"
"Blumenau";"4202404";"2025";"Profissionais Das Ciências E Das Artes";"Analistas de tecnologia da informação";"Analista De Desenvolvimento De Sistemas";"212405";"1807";"1,1683";"9717,93";"9294,71"
"Blumenau";"4202404";"2025";"Trabalhadores Da Produção De Bens E Serviços Industriais";"Operadores de máquinas para costura de peças do vestuário";"Costureiro Na Confecção Em Série";"763210";"1668";"1,0785";"2588,74";"2552,55"
"Blumenau";"4202404";"2025";"Trabalhadores Dos Serviços, Vendedores Do Comércio Em Lojas E Mercados";"Operadores do comércio em lojas e mercados";"Repositor De Mercadorias";"521125";"1643";"1,0623";"1955,92";"2081,03"
"Blumenau";"4202404";"2025";"Trabalhadores Dos Serviços, Vendedores Do Comércio Em Lojas E Mercados";"Cozinheiros";"Cozinheiro Geral";"513205";"1548";"1,0009";"2293,49";"2225,07"
"Blumenau";"4202404";"2025";"Técnicos De Nivel Médio";"Especialistas em promoção de produtos e vendas";"Assistente De Vendas";"354125";"1543";"0,9976";"3287,27";"2774,71"
"Blumenau";"4202404";"2025";"Trabalhadores Dos Serviços, Vendedores Do Comércio Em Lojas E Mercados";"Trabalhadores auxiliares nos serviços de alimentação";"Auxiliar Nos Serviços De Alimentação";"513505";"1448";"0,9362";"2249,09";"2202,49"
"Blumenau";"4202404";"2025";"Trabalhadores Da Produção De Bens E Serviços Industriais";"Trabalhadores de estruturas de alvenaria";"Pedreiro";"715210";"1405";"0,9084";"2687,86";"2587,5"
"Blumenau";"4202404";"2025";"Trabalhadores Da Produção De Bens E Serviços Industriais";"Operadores de máquinas para costura de peças do vestuário";"Costureiro, A  Máquina  Na Confecção Em Série";"763215";"1377";"0,8903";"2498,41";"2462,07"
"Blumenau";"4202404";"2025";"Trabalhadores Dos Serviços, Vendedores Do Comércio Em Lojas E Mercados";"Vigilantes e guardas de segurança";"Vigilante";"517330";"1279";"0,8270";"3059,01";"2994,11"
"Blumenau";"4202404";"2025";"Profissionais Das Ciências E Das Artes";"Enfermeiros e afins";"Enfermeiro";"223505";"1209";"0,7817";"7072,99";"6219,73"
"Blumenau";"4202404";"2025";"Profissionais Das Ciências E Das Artes";"Analistas de tecnologia da informação";"Analista De Suporte Computacional";"212420";"1188";"0,7681";"6520,38";"5406,08"
"Blumenau";"4202404";"2025";"Trabalhadores Da Produção De Bens E Serviços Industriais";"Trabalhadores de embalagem e de etiquetagem";"Embalador, A Mão";"784105";"1115";"0,7209";"2110,66";"2082,98"
"Blumenau";"4202404";"2025";"Trabalhadores Dos Serviços, Vendedores Do Comércio Em Lojas E Mercados";"Trabalhadores no atendimento em estabelecimentos de serviços de alimentação, bebidas e hotelaria";"Atendente De Lanchonete";"513435";"1085";"0,7015";"2150,54";"2158,33"
"Blumenau";"4202404";"2025";"Trabalhadores Da Produção De Bens E Serviços Industriais";"Ajudantes de obras civis";"Servente De Obras";"717020";"1084";"0,7009";"2013,16";"1941,51"
"Blumenau";"4202404";"2025";"Trabalhadores De Serviços Administrativos";"Recepcionistas";"Recepcionista, Em Geral";"422105";"1029";"0,6653";"2328,16";"2115,21"
"Blumenau";"4202404";"2025";"Trabalhadores Dos Serviços, Vendedores Do Comércio Em Lojas E Mercados";"Trabalhadores nos serviços de administração de edifícios";"Zelador De Edifício";"514120";"978";"0,6323";"2398,64";"2458,73"
"Blumenau";"4202404";"2025";"Trabalhadores De Serviços Administrativos";"Supervisores administrativos";"Supervisor Administrativo";"410105";"960";"0,6207";"6198,71";"5028,31"
"Blumenau";"4202404";"2025";"Profissionais Das Ciências E Das Artes";"Profissionais de comercializacão e consultoria de serviços bancários";"Operador De Negócios";"253225";"960";"0,6207";"4296,09";"3981,04"
"Blumenau";"4202404";"2025";"Profissionais Das Ciências E Das Artes";"Professores do ensino profissional";"Professor De Tecnologia E Cálculo Técnico";"233135";"953";"0,6162";"20129,2";"19020,2"
"Blumenau";"4202404";"2025";"Trabalhadores De Serviços Administrativos";"Auxiliares de contabilidade";"Auxiliar De Contabilidade";"413110";"937";"0,6058";"3223,37";"2921,86"
"Blumenau";"4202404";"2025";"Trabalhadores Da Produção De Bens E Serviços Industriais";"Operadores de processos das indústrias de transformação de produtos químicos, petroquímicos e afins";"Operador De Produção (Química, Petroquímica E Afins)";"813125";"930";"0,6013";"2264,37";"2213,57"
"Blumenau";"4202404";"2025";"Técnicos De Nivel Médio";"Técnicos de suporte e monitoração ao usuário de tecnologia da informação.";"Técnico De Suporte Ao Usuário De Tecnologia Da Informação";"317210";"912";"0,5897";"3589,97";"3187,0"
"Blumenau";"4202404";"2025";"Profissionais Das Ciências E Das Artes";"Administradores";"Administrador";"252105";"907";"0,5864";"6070,23";"5086,16"
"Blumenau";"4202404";"2025";"Trabalhadores Dos Serviços, Vendedores Do Comércio Em Lojas E Mercados";"Operadores do comércio em lojas e mercados";"Vendedor Em Comércio Atacadista";"521105";"899";"0,5813";"4475,94";"3310,54"
"Blumenau";"4202404";"2025";"Membros Superiores Do Poder Público, Dirigentes De Organizações De Interesse Público E De Empresas, Gerentes";"Gerentes de comercialização, marketing e comunicação";"Analista De Negócios";"142330";"891";"0,5761";"7072,92";"6571,95"
"Blumenau";"4202404";"2025";"Técnicos De Nivel Médio";"Técnicos de controle da produção";"Inspetor De Qualidade";"391205";"874";"0,5651";"4231,33";"3391,42"
"Blumenau";"4202404";"2025";"Profissionais Das Ciências E Das Artes";"Contadores e afins";"Contador";"252210";"869";"0,5619";"6320,2";"5207,47"
"Blumenau";"4202404";"2025";"Trabalhadores Da Produção De Bens E Serviços Industriais";"Operadores de tear e máquinas similares";"Tecelão (Tear Automático)";"761309";"836";"0,5405";"3252,51";"3117,65"
"Blumenau";"4202404";"2025";"Membros Superiores Do Poder Público, Dirigentes De Organizações De Interesse Público E De Empresas, Gerentes";"Gerentes administrativos, financeiros, de riscos e afins";"Gerente Administrativo";"142105";"832";"0,5379";"7826,46";"5458,46"
"Blumenau";"4202404";"2025";"Trabalhadores Da Produção De Bens E Serviços Industriais";"Motoristas de veículos de pequeno e médio porte";"Motorista De Furgão Ou Veículo Similar";"782310";"824";"0,5328";"3194,44";"3014,94"
"Blumenau";"4202404";"2025";"Trabalhadores De Serviços Administrativos";"Almoxarifes e armazenistas";"Auxiliar De Logistica";"414140";"808";"0,5224";"2008,49";"1988,82"
"Blumenau";"4202404";"2025";"Trabalhadores De Serviços Administrativos";"Almoxarifes e armazenistas";"Armazenista";"414110";"789";"0,5101";"2522,42";"2332,03"
"Blumenau";"4202404";"2025";"Trabalhadores Da Produção De Bens E Serviços Industriais";"Inspetores e revisores de produção têxtil";"Revisor De Tecidos Acabados";"761815";"785";"0,5076";"2215,17";"2114,33"
"Blumenau";"4202404";"2025";"Trabalhadores Da Produção De Bens E Serviços Industriais";"Operadores de máquinas a vapor e utilidades";"Operador De Máquinas Fixas, Em Geral";"862150";"773";"0,4998";"3029,69";"2838,16"
"Blumenau";"4202404";"2025";"Trabalhadores Dos Serviços, Vendedores Do Comércio Em Lojas E Mercados";"Operadores do comércio em lojas e mercados";"Atendente De Farmácia - Balconista";"521130";"767";"0,4959";"2537,02";"2513,98"
"Blumenau";"4202404";"2025";"Profissionais Das Ciências E Das Artes";"Profissionais de recursos humanos";"Analista De Recursos Humanos";"252405";"706";"0,4565";"5204,38";"4789,67"
"Blumenau";"4202404";"2025";"Trabalhadores De Serviços Administrativos";"Almoxarifes e armazenistas";"Expedidor De Mercadorias";"414135";"702";"0,4539";"2724,62";"2447,51"
"Blumenau";"4202404";"2025";"Trabalhadores Da Produção De Bens E Serviços Industriais";"Trabalhadores polivalentes das indústrias têxteis";"Operador Polivalente Da Indústria Têxtil";"761005";"701";"0,4532";"2763,1";"2648,06"
"Blumenau";"4202404";"2025";"Trabalhadores Da Produção De Bens E Serviços Industriais";"Trabalhadores de cargas e descargas de mercadorias";"Ajudante De Motorista";"783225";"695";"0,4494";"2259,62";"2204,19"
"Blumenau";"4202404";"2025";"Trabalhadores Em Serviços De Reparação E Manutenção";"Mecânicos de manutenção de veículos automotores";"Mecânico De Manutenção De Automóveis, Motocicletas E Veículos Similares";"914405";"661";"0,4274";"3952,4";"3611,54"
"Blumenau";"4202404";"2025";"Membros Superiores Do Poder Público, Dirigentes De Organizações De Interesse Público E De Empresas, Gerentes";"Gerentes de comercialização, marketing e comunicação";"Analista De Pesquisa De Mercado";"142335";"655";"0,4235";"5205,16";"4523,66"
"Blumenau";"4202404";"2025";"Trabalhadores Dos Serviços, Vendedores Do Comércio Em Lojas E Mercados";"Trabalhadores nos serviços de coleta de resíduos, de limpeza e conservação de áreas públicas";"Trabalhador De Serviços De Limpeza E Conservação De Áreas Públicas";"514225";"645";"0,4170";"2707,49";"2390,06"
"Blumenau";"4202404";"2025";"Trabalhadores De Serviços Administrativos";"Apontadores e conferentes";"Apontador De Produção";"414210";"633";"0,4093";"2819,22";"2453,61"
"Blumenau";"4202404";"2025";"Trabalhadores Da Produção De Bens E Serviços Industriais";"Operadores de máquinas para bordado e acabamento de roupas";"Operador De Máquina De Costura De Acabamento";"763320";"620";"0,4009";"2578,96";"2533,6"
"Blumenau";"4202404";"2025";"Trabalhadores Dos Serviços, Vendedores Do Comércio Em Lojas E Mercados";"Supervisores de vendas e de prestação de serviços";"Supervisor De Vendas Comercial";"520110";"616";"0,3983";"6803,38";"5265,52"
"Blumenau";"4202404";"2025";"Técnicos De Nivel Médio";"Planejadores, programadores e controladores de produção e manutenção";"Técnico De Planejamento De Produção";"391125";"570";"0,3685";"4874,57";"4284,26"
"Blumenau";"4202404";"2025";"Profissionais Das Ciências E Das Artes";"Profissionais de comercializacão e consultoria de serviços bancários";"Gerente De Contas - Pessoa Física E Jurídica";"253215";"558";"0,3608";"8057,97";"6923,12"
"Blumenau";"4202404";"2025";"Trabalhadores Da Produção De Bens E Serviços Industriais";"Trabalhadores da preparação da confecção de roupas";"Ajudante De Confecção";"763125";"558";"0,3608";"2170,63";"2083,19"
"Blumenau";"4202404";"2025";"Trabalhadores Da Produção De Bens E Serviços Industriais";"Trabalhadores de soldagem e corte de ligas metálicas";"Soldador";"724315";"537";"0,3472";"4561,24";"4413,71"
"Blumenau";"4202404";"2025";"Trabalhadores De Serviços Administrativos";"Recepcionistas";"Recepcionista De Consultório Médico Ou Dentário";"422110";"530";"0,3427";"2603,04";"2412,0"
"Blumenau";"4202404";"2025";"Trabalhadores De Serviços Administrativos";"Apontadores e conferentes";"Conferente De Carga E Descarga";"414215";"528";"0,3414";"2765,92";"2696,43"
"Blumenau";"4202404";"2025";"Membros Superiores Do Poder Público, Dirigentes De Organizações De Interesse Público E De Empresas, Gerentes";"Gerentes de operações comerciais e de assistência técnica";"Gerente De Loja E Supermercado";"141415";"520";"0,3362";"5789,64";"4728,98"
"Blumenau";"4202404";"2025";"Trabalhadores Dos Serviços, Vendedores Do Comércio Em Lojas E Mercados";"Operadores do comércio em lojas e mercados";"Frentista";"521135";"516";"0,3336";"2516,62";"2457,51"
"Blumenau";"4202404";"2025";"Membros Superiores Do Poder Público, Dirigentes De Organizações De Interesse Público E De Empresas, Gerentes";"Gerentes de comercialização, marketing e comunicação";"Gerente Comercial";"142305";"512";"0,3310";"8634,88";"6027,13"
"Blumenau";"4202404";"2025";"Trabalhadores Em Serviços De Reparação E Manutenção";"Mecânicos de manutenção de máquinas industriais";"Mecânico De Manutenção De Máquinas, Em Geral";"911305";"501";"0,3239";"4802,11";"4571,13"
"Blumenau";"4202404";"2025";"Trabalhadores Da Produção De Bens E Serviços Industriais";"Magarefes e afins";"Açougueiro";"848510";"499";"0,3226";"3176,47";"3011,45"
"Blumenau";"4202404";"2025";"Trabalhadores Da Produção De Bens E Serviços Industriais";"Trabalhadores da preparação da confecção de roupas";"Auxiliar De Corte (Preparação Da Confecção De Roupas)";"763105";"482";"0,3116";"2126,08";"2052,27"
"Blumenau";"4202404";"2025";"Trabalhadores Da Produção De Bens E Serviços Industriais";"Trabalhadores da preparação da confecção de roupas";"Cortador De Roupas";"763110";"477";"0,3084";"2935,62";"2758,63"
"Blumenau";"4202404";"2025";"Trabalhadores Dos Serviços, Vendedores Do Comércio Em Lojas E Mercados";"Operadores do comércio em lojas e mercados";"Promotor De Vendas";"521115";"474";"0,3065";"3276,98";"2136,37"
"Blumenau";"4202404";"2025";"Profissionais Das Ciências E Das Artes";"Médicos clínicos";"Médico Clínico";"225125";"472";"0,3052";"18472,09";"16512,17"
"Blumenau";"4202404";"2025";"Trabalhadores Dos Serviços, Vendedores Do Comércio Em Lojas E Mercados";"Trabalhadores no atendimento em estabelecimentos de serviços de alimentação, bebidas e hotelaria";"Garçom";"513405";"471";"0,3045";"2860,92";"2590,23"
"Blumenau";"4202404";"2025";"Técnicos De Nivel Médio";"Compradores";"Comprador";"354205";"467";"0,3019";"5369,75";"4835,19"
"Blumenau";"4202404";"2025";"Trabalhadores Da Produção De Bens E Serviços Industriais";"Motoristas de ônibus urbanos, metropolitanos e rodoviários";"Motorista De Ônibus Urbano";"782410";"459";"0,2968";"4126,91";"4159,15"
"Blumenau";"4202404";"2025";"Trabalhadores Da Produção De Bens E Serviços Industriais";"Motoristas de veículos de pequeno e médio porte";"Motorista De Carro De Passeio";"782305";"455";"0,2942";"3823,17";"3315,1"
"Blumenau";"4202404";"2025";"Trabalhadores Da Produção De Bens E Serviços Industriais";"Supervisores da construção civil";"Mestre (Construção Civil)";"710205";"446";"0,2884";"4956,58";"4000,0"
"Blumenau";"4202404";"2025";"Trabalhadores Da Produção De Bens E Serviços Industriais";"Trabalhadores de acabamento, tingimento e estamparia das indústrias têxteis";"Estampador De Tecido";"761410";"444";"0,2871";"2933,66";"2807,36"
"Blumenau";"4202404";"2025";"Trabalhadores Da Produção De Bens E Serviços Industriais";"Trabalhadores de instalações elétricas";"Eletricista De Instalações";"715615";"439";"0,2838";"3485,86";"3376,96"
"Blumenau";"4202404";"2025";"Trabalhadores Da Produção De Bens E Serviços Industriais";"Montadores de equipamentos eletroeletrônicos";"Montador De Equipamentos Elétricos";"731135";"437";"0,2825";"3727,76";"3155,99"
"Blumenau";"4202404";"2025";"Trabalhadores Dos Serviços, Vendedores Do Comércio Em Lojas E Mercados";"Fiscais e cobradores dos transportes coletivos";"Cobrador De Transportes Coletivos (Exceto Trem)";"511215";"434";"0,2806";"2394,56";"2404,84"
"Blumenau";"4202404";"2025";"Trabalhadores Da Produção De Bens E Serviços Industriais";"Trabalhadores de montagem de estruturas de madeira, metal e compósitos em obras civis";"Carpinteiro";"715505";"408";"0,2638";"2783,58";"2602,2"
"Blumenau";"4202404";"2025";"Membros Superiores Do Poder Público, Dirigentes De Organizações De Interesse Público E De Empresas, Gerentes";"Gerentes de comercialização, marketing e comunicação";"Gerente De Vendas";"142320";"406";"0,2625";"11588,17";"7448,8"
"Blumenau";"4202404";"2025";"Trabalhadores De Serviços Administrativos";"Almoxarifes e armazenistas";"Estoquista";"414125";"399";"0,2580";"2461,68";"2240,54"
"Blumenau";"4202404";"2025";"Trabalhadores Em Serviços De Reparação E Manutenção";"Mecânicos de manutenção de máquinas industriais";"Mecânico De Manutenção De Máquinas Têxteis";"911320";"398";"0,2573";"4947,48";"4781,76"
"Blumenau";"4202404";"2025";"Trabalhadores Da Produção De Bens E Serviços Industriais";"Pintores de obras e revestidores de interiores (revestimentos flexíveis)";"Pintor De Obras";"716610";"395";"0,2554";"2676,24";"2616,8"
"Blumenau";"4202404";"2025";"Trabalhadores Dos Serviços, Vendedores Do Comércio Em Lojas E Mercados";"Trabalhadores nos  serviços de manutenção de edificações";"Trabalhador Da Manutenção De Edificações";"514325";"384";"0,2483";"2749,2";"2175,3"
"Blumenau";"4202404";"2025";"Trabalhadores Dos Serviços, Vendedores Do Comércio Em Lojas E Mercados";"Trabalhadores em serviços de promoção e apoio à saúde";"Agente Comunitário De Saúde";"515105";"373";"0,2412";"3660,98";"3715,59"
"Blumenau";"4202404";"2025";"Técnicos De Nivel Médio";"Professores de nível médio na educação infantil";"Auxiliar De Desenvolvimento Infantil";"331110";"372";"0,2405";"1983,16";"1941,94"
"Blumenau";"4202404";"2025";"Membros Superiores Do Poder Público, Dirigentes De Organizações De Interesse Público E De Empresas, Gerentes";"Gerentes de produção e operações em empresa da indústria extrativa, de transformação e de serviços de utilidade pública";"Gerente De Produção E Operações";"141205";"370";"0,2392";"9452,31";"6358,75"
"Blumenau";"4202404";"2025";"Profissionais Das Ciências E Das Artes";"Analistas de tecnologia da informação";"Analista De Testes De Tecnologia Da Informação";"212430";"364";"0,2353";"6573,21";"6162,02"
"Blumenau";"4202404";"2025";"Trabalhadores De Serviços Administrativos";"Escriturários de serviços bancários";"Escriturário De Banco";"413225";"359";"0,2321";"12629,78";"11015,6"
"Blumenau";"4202404";"2025";"Trabalhadores Da Produção De Bens E Serviços Industriais";"Operadores de equipamentos de movimentação de cargas";"Operador De Empilhadeira";"782220";"356";"0,2302";"3129,81";"2910,49"
"Blumenau";"4202404";"2025";"Membros Superiores Do Poder Público, Dirigentes De Organizações De Interesse Público E De Empresas, Gerentes";"Dirigentes do serviço público";"Dirigente Do Serviço Público Municipal";"111415";"355";"0,2295";"9297,57";"7888,69"
"Blumenau";"4202404";"2025";"Profissionais Das Ciências E Das Artes";"Farmacêuticos";"Farmacêutico";"223405";"342";"0,2211";"5403,88";"5487,11"
"Blumenau";"4202404";"2025";"Trabalhadores Dos Serviços, Vendedores Do Comércio Em Lojas E Mercados";"Porteiros, vigias e afins";"Vigia";"517420";"342";"0,2211";"3015,14";"2767,88"
"Blumenau";"4202404";"2025";"Trabalhadores Da Produção De Bens E Serviços Industriais";"Operadores da fiação";"Operador De Filatório";"761230";"340";"0,2198";"2905,25";"2850,84"
"Blumenau";"4202404";"2025";"Técnicos De Nivel Médio";"Técnicos mecânicos na fabricação e montagem de máquinas, sistemas e instrumentos";"Técnico Mecânico";"314110";"328";"0,2121";"4824,48";"2998,51"
"Blumenau";"4202404";"2025";"Trabalhadores Da Produção De Bens E Serviços Industriais";"Operadores de máquinas para bordado e acabamento de roupas";"Bordador, À Máquina";"763310";"324";"0,2095";"2433,38";"2318,69"
"Blumenau";"4202404";"2025";"Profissionais Das Ciências E Das Artes";"Artistas visuais,desenhistas industriais e conservadores-restauradores de bens culturais";"Desenhista Industrial Gráfico (Designer Gráfico)";"262410";"322";"0,2082";"5001,59";"4343,68"
"Blumenau";"4202404";"2025";"Técnicos De Nivel Médio";"Técnicos de controle da produção";"Técnico De Garantia Da Qualidade";"391210";"316";"0,2043";"4559,59";"4121,41"
"Blumenau";"4202404";"2025";"Técnicos De Nivel Médio";"Operadores de rede de teleprocessamento e afins";"Operador De Rede De Teleprocessamento";"372205";"314";"0,2030";"2933,97";"1917,19"
"Blumenau";"4202404";"2025";"Profissionais Das Ciências E Das Artes";"Programadores, avaliadores e orientadores de ensino";"Coordenador Pedagógico";"239405";"309";"0,1998";"7336,29";"6700,98"
"Blumenau";"4202404";"2025";"Técnicos De Nivel Médio";"Técnicos em segurança do trabalho";"Técnico Em Segurança Do Trabalho";"351605";"309";"0,1998";"5192,39";"4732,41"
"Blumenau";"4202404";"2025";"Membros Superiores Do Poder Público, Dirigentes De Organizações De Interesse Público E De Empresas, Gerentes";"Gerentes de tecnologia da informação";"Gerente De Projetos De Tecnologia Da Informação";"142520";"296";"0,1914";"14111,87";"12343,3"
"Blumenau";"4202404";"2025";"Profissionais Das Ciências E Das Artes";"Assistentes sociais e economistas domésticos";"Assistente Social";"251605";"294";"0,1901";"7901,09";"6770,65"
"Blumenau";"4202404";"2025";"Trabalhadores Da Produção De Bens E Serviços Industriais";"Padeiros, confeiteiros e afins";"Padeiro";"848305";"294";"0,1901";"3681,23";"3369,57"
"Blumenau";"4202404";"2025";"Profissionais Das Ciências E Das Artes";"Instrutores de ensino profissional";"Instrutor De Aprendizagem E Treinamento Industrial";"233210";"289";"0,1869";"4121,75";"3574,01"
"Blumenau";"4202404";"2025";"Trabalhadores Da Produção De Bens E Serviços Industriais";"Montadores de máquinas, aparelhos e acessórios em linhas de montagem";"Montador De Máquinas, Motores E Acessórios (Montagem Em Série)";"725105";"287";"0,1856";"2823,68";"2372,12"
"Blumenau";"4202404";"2025";"Trabalhadores De Serviços Administrativos";"Cobradores e afins";"Cobrador Interno";"421310";"284";"0,1836";"3014,44";"2500,0"
"Blumenau";"4202404";"2025";"Trabalhadores Da Produção De Bens E Serviços Industriais";"Preparadores e operadores de máquinas-ferramenta convencionais";"Operador De Máquinas-Ferramenta Convencionais";"721215";"282";"0,1823";"4355,86";"4314,23"
"Blumenau";"4202404";"2025";"Técnicos De Nivel Médio";"Professores de nível médio na educação infantil";"Professor De Nível Médio Na Educação Infantil";"331105";"280";"0,1810";"3301,94";"2989,67"
"Blumenau";"4202404";"2025";"Técnicos De Nivel Médio";"Técnicos de odontologia";"Auxiliar Em Saúde Bucal";"322415";"274";"0,1772";"4099,96";"2944,56"
"Blumenau";"4202404";"2025";"Trabalhadores Da Produção De Bens E Serviços Industriais";"Trabalhadores de traçagem e montagem de estruturas metálicas e de compósitos";"Montador De Estruturas Metálicas";"724205";"273";"0,1765";"2904,7";"2637,79"
"Blumenau";"4202404";"2025";"Trabalhadores Da Produção De Bens E Serviços Industriais";"Padeiros, confeiteiros e afins";"Confeiteiro";"848310";"269";"0,1739";"3290,49";"2961,85"
"Blumenau";"4202404";"2025";"Técnicos De Nivel Médio";"Especialistas em promoção de produtos e vendas";"Vendedor Pracista";"354145";"267";"0,1726";"7218,36";"5164,66"
"Blumenau";"4202404";"2025";"Trabalhadores Dos Serviços, Vendedores Do Comércio Em Lojas E Mercados";"Porteiros, vigias e afins";"Porteiro De Edifícios";"517410";"265";"0,1713";"2859,15";"2779,61"
"Blumenau";"4202404";"2025";"Trabalhadores De Serviços Administrativos";"Auxiliares de contabilidade";"Auxiliar De Faturamento";"413115";"263";"0,1700";"3417,54";"3180,77"
"Blumenau";"4202404";"2025";"Trabalhadores Da Produção De Bens E Serviços Industriais";"Operadores de tear e máquinas similares";"Tecelão De Malhas (Máquina Circular)";"761330";"263";"0,1700";"3153,53";"3006,26"
"Blumenau";"4202404";"2025";"Trabalhadores Da Produção De Bens E Serviços Industriais";"Montadores de equipamentos eletroeletrônicos";"Bobinador Eletricista, À Máquina";"731170";"262";"0,1694";"3898,42";"3358,41"
"Blumenau";"4202404";"2025";"Profissionais Das Ciências E Das Artes";"Professores de nível superior do ensino fundamental (primeira a quarta séries)";"Professor Da  Educação De Jovens E Adultos Do Ensino Fundamental (Primeira A Quarta Série)";"231205";"259";"0,1675";"6017,55";"5886,34"
"Blumenau";"4202404";"2025";"Trabalhadores Da Produção De Bens E Serviços Industriais";"Trabalhadores do acabamento gráfico";"Acabador De Embalagens (Flexíveis E Cartotécnicas)";"766305";"259";"0,1675";"2899,79";"2682,1"
"Blumenau";"4202404";"2025";"Profissionais Das Ciências E Das Artes";"Profissionais de administração ecônomico-financeira";"Analista Financeiro (Instituições Financeiras)";"252545";"258";"0,1668";"4669,22";"4371,17"
"Blumenau";"4202404";"2025";"Trabalhadores Da Produção De Bens E Serviços Industriais";"Marceneiros e afins";"Marceneiro";"771105";"256";"0,1655";"3999,99";"3477,27"
"Blumenau";"4202404";"2025";"Trabalhadores Dos Serviços, Vendedores Do Comércio Em Lojas E Mercados";"Camareiros, roupeiros e afins";"Camareiro  De Hotel";"513315";"253";"0,1636";"2600,14";"2636,74"
"Blumenau";"4202404";"2025";"Técnicos De Nivel Médio";"Especialistas em promoção de produtos e vendas";"Agente De Vendas De Serviços";"354120";"248";"0,1603";"4964,25";"3587,5"
"Blumenau";"4202404";"2025";"Trabalhadores Dos Serviços, Vendedores Do Comércio Em Lojas E Mercados";"Outros trabalhadores dos serviços";"Lavador De Veículos";"519935";"247";"0,1597";"2520,45";"2420,03"
"Blumenau";"4202404";"2025";"Trabalhadores Da Produção De Bens E Serviços Industriais";"Encanadores e instaladores de tubulações";"Encanador";"724110";"246";"0,1591";"4019,11";"3128,54"
"Blumenau";"4202404";"2025";"Membros Superiores Do Poder Público, Dirigentes De Organizações De Interesse Público E De Empresas, Gerentes";"Gerentes de tecnologia da informação";"Gerente De Desenvolvimento De Sistemas";"142510";"246";"0,1591";"18031,11";"16904,33"
"Blumenau";"4202404";"2025";"Trabalhadores Da Produção De Bens E Serviços Industriais";"Trabalhadores do acabamento gráfico";"Operador De Acabamento (Indústria Gráfica)";"766315";"240";"0,1552";"3044,96";"2873,46"
"Blumenau";"4202404";"2025";"Técnicos De Nivel Médio";"Especialistas em promoção de produtos e vendas";"Técnico De Vendas";"354135";"237";"0,1532";"6130,09";"4720,34"
"Blumenau";"4202404";"2025";"Técnicos De Nivel Médio";"Técnicos em eletrônica";"Técnico Eletrônico";"313215";"232";"0,1500";"4767,23";"4326,53"
"Blumenau";"4202404";"2025";"Trabalhadores Dos Serviços, Vendedores Do Comércio Em Lojas E Mercados";"Motociclistas e ciclistas de entregas rápidas";"Motofretista";"519110";"232";"0,1500";"2924,53";"2818,88"
"Blumenau";"4202404";"2025";"Trabalhadores Em Serviços De Reparação E Manutenção";"Eletricistas de manutenção eletroeletrônica";"Eletricista De Manutenção Eletroeletrônica";"951105";"222";"0,1435";"5453,93";"5419,03"
"Blumenau";"4202404";"2025";"Trabalhadores Dos Serviços, Vendedores Do Comércio Em Lojas E Mercados";"Cuidadores de crianças, jovens, adultos e idosos";"Cuidador De Idosos";"516210";"217";"0,1403";"2676,22";"2604,24"
"Blumenau";"4202404";"2025";"Trabalhadores Dos Serviços, Vendedores Do Comércio Em Lojas E Mercados";"Trabalhadores de atenção, defesa e proteção a pessoas em situação de risco e adolescentes em conflito com a lei";"Educador Social";"515305";"216";"0,1397";"3179,36";"3067,06"
"Blumenau";"4202404";"2025";"Trabalhadores Dos Serviços, Vendedores Do Comércio Em Lojas E Mercados";"Auxiliares de laboratório da saúde";"Auxiliar De Laboratório De Análises Clínicas";"515215";"212";"0,1371";"2595,87";"2479,66"
"Blumenau";"4202404";"2025";"Profissionais Das Ciências E Das Artes";"Analistas de tecnologia da informação";"Analista De Redes E De Comunicação De Dados";"212410";"210";"0,1358";"7569,89";"7086,14"
"Blumenau";"4202404";"2025";"Técnicos De Nivel Médio";"Técnicos de laboratório industrial";"Técnico De Laboratório Industrial";"301105";"209";"0,1351";"4664,93";"3694,42"
"Blumenau";"4202404";"2025";"Trabalhadores Da Produção De Bens E Serviços Industriais";"Montadores de estruturas de concreto armado";"Armador De Estrutura De Concreto Armado";"715315";"208";"0,1345";"2799,69";"2661,56"
"Blumenau";"4202404";"2025";"Trabalhadores Da Produção De Bens E Serviços Industriais";"Supervisores na confecção do vestuário";"Encarregado De Costura Na Confecção Do Vestuário";"760310";"207";"0,1338";"4375,32";"4028,54"
"Blumenau";"4202404";"2025";"Trabalhadores Dos Serviços, Vendedores Do Comércio Em Lojas E Mercados";"Porteiros, vigias e afins";"Fiscal De Loja";"517425";"207";"0,1338";"2544,89";"2377,03"
"Blumenau";"4202404";"2025";"Profissionais Das Ciências E Das Artes";"Pesquisadores de engenharia e tecnologia";"Pesquisador De Engenharia E Tecnologia (Outras Áreas Da Engenharia)";"203210";"205";"0,1325";"14446,18";"13386,19"
"Blumenau";"4202404";"2025";"Trabalhadores Da Produção De Bens E Serviços Industriais";"Trabalhadores da impressão gráfica";"Impressor De Ofsete (Plano E Rotativo)";"766215";"205";"0,1325";"4881,45";"4474,35"
"Blumenau";"4202404";"2025";"Trabalhadores Da Produção De Bens E Serviços Industriais";"Operadores de instalações e máquinas de produtos plásticos, de borracha e moldadores de parafinas";"Moldador De Plástico Por Injeção";"811770";"205";"0,1325";"2908,86";"2706,86"
"Blumenau";"4202404";"2025";"Profissionais Das Ciências E Das Artes";"Psicólogos e psicanalistas";"Psicólogo Clínico";"251510";"203";"0,1313";"7758,2";"6243,48"
"Blumenau";"4202404";"2025";"Profissionais Das Ciências E Das Artes";"Profissionais da educação física";"Preparador Físico";"224120";"203";"0,1313";"2734,4";"2459,72"
"Blumenau";"4202404";"2025";"Trabalhadores De Serviços Administrativos";"Operadores de telemarketing e afins";"Operador De Telemarketing Técnico";"422320";"198";"0,1280";"2400,89";"2228,59"
"Blumenau";"4202404";"2025";"Trabalhadores Da Produção De Bens E Serviços Industriais";"Motoristas de ônibus urbanos, metropolitanos e rodoviários";"Motorista De Ônibus Rodoviário";"782405";"197";"0,1274";"3720,98";"3818,43"
"Blumenau";"4202404";"2025";"Trabalhadores Dos Serviços, Vendedores Do Comércio Em Lojas E Mercados";"Trabalhadores nos  serviços de manutenção de edificações";"Auxiliar De Manutenção Predial";"514310";"196";"0,1267";"2974,55";"2834,71"
"Blumenau";"4202404";"2025";"Profissionais Das Ciências E Das Artes";"Economistas";"Economista Financeiro";"251215";"191";"0,1235";"4681,13";"4198,05"
"Blumenau";"4202404";"2025";"Trabalhadores Da Produção De Bens E Serviços Industriais";"Trabalhadores de montagem de estruturas de madeira, metal e compósitos em obras civis";"Carpinteiro De Obras";"715525";"190";"0,1228";"2703,85";"2576,63"
"Blumenau";"4202404";"2025";"Técnicos De Nivel Médio";"Técnicos em eletricidade e eletrotécnica";"Eletrotécnico";"313105";"188";"0,1216";"8348,83";"6376,72"
"Blumenau";"4202404";"2025";"Técnicos De Nivel Médio";"Técnicos em telecomunicações";"Técnico De Rede (Telecomunicações)";"313310";"188";"0,1216";"2948,76";"2488,31"
"Blumenau";"4202404";"2025";"Trabalhadores Da Produção De Bens E Serviços Industriais";"Operadores de tear e máquinas similares";"Tecelão De Meias (Máquina Circular)";"761339";"184";"0,1190";"2408,41";"2280,19"
"Blumenau";"4202404";"2025";"Membros Superiores Do Poder Público, Dirigentes De Organizações De Interesse Público E De Empresas, Gerentes";"Gerentes administrativos, financeiros, de riscos e afins";"Gerente Financeiro";"142115";"183";"0,1183";"9167,88";"6421,64"
"Blumenau";"4202404";"2025";"Trabalhadores Da Produção De Bens E Serviços Industriais";"Trabalhadores de embalagem e de etiquetagem";"Embalador, A Máquina";"784110";"180";"0,1164";"2349,87";"2104,31"
"Blumenau";"4202404";"2025";"Profissionais Das Ciências E Das Artes";"Profissionais de administração ecônomico-financeira";"Analista De Crédito (Instituições Financeiras)";"252525";"180";"0,1164";"6522,15";"6190,85"
"Blumenau";"4202404";"2025";"Trabalhadores Da Produção De Bens E Serviços Industriais";"Trabalhadores da preparação da confecção de roupas";"Enfestador De Roupas";"763115";"177";"0,1144";"2773,02";"2736,22"
"Blumenau";"4202404";"2025";"Trabalhadores Da Produção De Bens E Serviços Industriais";"Operadores de máquinas de usinagem cnc";"Operador De Centro De Usinagem Com Comando Numérico";"721405";"176";"0,1138";"5296,9";"5307,22"
"Blumenau";"4202404";"2025";"Trabalhadores De Serviços Administrativos";"Operadores de telemarketing e afins";"Operador De Telemarketing Receptivo";"422315";"173";"0,1119";"2421,79";"2385,73"
"Blumenau";"4202404";"2025";"Técnicos De Nivel Médio";"Especialistas em promoção de produtos e vendas";"Técnico Em Atendimento E Vendas";"354140";"172";"0,1112";"5032,47";"3580,22"
"Blumenau";"4202404";"2025";"Profissionais Das Ciências E Das Artes";"Professores do ensino médio";"Professor De Disciplinas Pedagógicas No Ensino Médio";"232115";"172";"0,1112";"6538,76";"5852,42"
"Blumenau";"4202404";"2025";"Trabalhadores Da Produção De Bens E Serviços Industriais";"Operadores de máquinas de usinagem cnc";"Operador De Torno Com Comando Numérico";"721430";"171";"0,1106";"4387,17";"4050,43"
"Blumenau";"4202404";"2025";"Membros Superiores Do Poder Público, Dirigentes De Organizações De Interesse Público E De Empresas, Gerentes";"Gerentes de recursos humanos e de relações do trabalho";"Gerente De Recursos Humanos";"142205";"171";"0,1106";"11368,1";"8668,57"
"Blumenau";"4202404";"2025";"Técnicos De Nivel Médio";"Tecnólogos e técnicos em métodos de diagnósticos e terapêutica";"Técnico Em Radiologia E Imagenologia";"324115";"170";"0,1099";"5462,22";"4959,91"
"Blumenau";"4202404";"2025";"Membros Superiores Do Poder Público, Dirigentes De Organizações De Interesse Público E De Empresas, Gerentes";"Gerentes de operações de serviços em empresa de turismo, de alojamento e alimentação";"Gerente De Restaurante";"141510";"170";"0,1099";"4148,99";"3813,59"
"Blumenau";"4202404";"2025";"Profissionais Das Ciências E Das Artes";"Contadores e afins";"Auditor (Contadores E Afins)";"252205";"169";"0,1093";"6334,13";"5200,0"
"Blumenau";"4202404";"2025";"Trabalhadores Dos Serviços, Vendedores Do Comércio Em Lojas E Mercados";"Trabalhadores no atendimento em estabelecimentos de serviços de alimentação, bebidas e hotelaria";"Copeiro";"513425";"169";"0,1093";"2490,65";"2423,18"
"Blumenau";"4202404";"2025";"Profissionais Das Ciências E Das Artes";"Professores na área de formação pedagógica do ensino superior";"Professor De Ensino Superior Na Área De Prática De Ensino";"234520";"168";"0,1086";"4080,92";"2869,05"
"Blumenau";"4202404";"2025";"Trabalhadores Da Produção De Bens E Serviços Industriais";"Operadores de equipamentos de acabamento de chapas e metais";"Rebarbador De Metal";"821450";"164";"0,1060";"3392,22";"3330,45"
"Blumenau";"4202404";"2025";"Trabalhadores Da Produção De Bens E Serviços Industriais";"Profissionais polivalentes da confecção de roupas";"Costureira De Peças Sob Encomenda";"763010";"164";"0,1060";"3059,03";"2495,02"
"Blumenau";"4202404";"2025";"Trabalhadores Dos Serviços, Vendedores Do Comércio Em Lojas E Mercados";"Tintureiros, lavadeiros e afins, a máquina";"Tingidor De Roupas";"516330";"163";"0,1054";"3004,63";"3137,22"
"Blumenau";"4202404";"2025";"Trabalhadores Em Serviços De Reparação E Manutenção";"Mecânicos de manutenção e instalação de aparelhos de  climatização e refrigeração";"Mecânico De Manutenção E Instalação De Aparelhos De Climatização E  Refrigeração";"911205";"161";"0,1041";"2969,23";"2683,67"
"Blumenau";"4202404";"2025";"Profissionais Das Ciências E Das Artes";"Engenheiros civis e afins";"Engenheiro Civil";"214205";"160";"0,1035";"12404,92";"11286,09"
"Blumenau";"4202404";"2025";"Trabalhadores Da Produção De Bens E Serviços Industriais";"Instaladores e reparadores de linhas e cabos elétricos, telefônicos e de comunicação de dados";"Instalador-Reparador De Redes Telefônicas E De Comunicação De Dados";"732130";"160";"0,1035";"2960,37";"2433,84"
"Blumenau";"4202404";"2025";"Membros Superiores Do Poder Público, Dirigentes De Organizações De Interesse Público E De Empresas, Gerentes";"Gerentes de operações de serviços em instituição de intermediação financeira";"Gerente De Agência";"141710";"160";"0,1035";"15001,46";"13554,58"
"Blumenau";"4202404";"2025";"Trabalhadores De Serviços Administrativos";"Operadores de telefonia";"Telefonista";"422205";"157";"0,1015";"2387,01";"2086,8"
"Blumenau";"4202404";"2025";"Técnicos De Nivel Médio";"Técnicos e auxiliares de enfermagem";"Auxiliar De Enfermagem";"322230";"156";"0,1009";"5869,15";"5012,36"
"Blumenau";"4202404";"2025";"Profissionais Das Ciências E Das Artes";"Cirurgiões-dentistas";"Cirurgião Dentista - Clínico Geral";"223208";"156";"0,1009";"16283,31";"14054,88"
"Blumenau";"4202404";"2025";"Profissionais Das Ciências E Das Artes";"Nutricionistas";"Nutricionista";"223710";"155";"0,1002";"5829,04";"4859,63"
"Blumenau";"4202404";"2025";"Trabalhadores Da Produção De Bens E Serviços Industriais";"Trabalhadores de cargas e descargas de mercadorias";"Carregador (Veículos De Transportes Terrestres)";"783215";"153";"0,0989";"2266,41";"2150,42"
"Blumenau";"4202404";"2025";"Trabalhadores Da Produção De Bens E Serviços Industriais";"Trabalhadores na fabricação e conservação de alimentos";"Cozinhador De Frutas E Legumes";"841420";"152";"0,0983";"2570,0";"2144,17"
"Blumenau";"4202404";"2025";"Profissionais Das Ciências E Das Artes";"Professores de nível superior na educação infantil";"Professor De Nível Superior Na Educação Infantil (Zero A Três Anos)";"231110";"150";"0,0970";"3381,95";"3186,0"
"Blumenau";"4202404";"2025";"Técnicos De Nivel Médio";"Desenhistas projetistas da mecânica";"Desenhista Projetista De Máquinas";"318605";"147";"0,0950";"7107,12";"6970,15"
"Blumenau";"4202404";"2025";"Técnicos De Nivel Médio";"Técnicos mecânicos na manutenção de máquinas, sistemas e instrumentos";"Técnico Em Manutenção De Máquinas";"314410";"147";"0,0950";"8556,53";"6414,13"
"Blumenau";"4202404";"2025";"Trabalhadores Dos Serviços, Vendedores Do Comércio Em Lojas E Mercados";"Cozinheiros";"Cozinheiro Industrial";"513215";"146";"0,0944";"2368,36";"2303,59"
"Blumenau";"4202404";"2025";"Profissionais Das Ciências E Das Artes";"Artistas visuais,desenhistas industriais e conservadores-restauradores de bens culturais";"Desenhista Industrial De Produto De Moda (Designer De Moda)";"262425";"146";"0,0944";"5534,17";"5232,88"
"Blumenau";"4202404";"2025";"Técnicos De Nivel Médio";"Desenhistas projetistas e modelistas de produtos e serviços diversos";"Modelista De Roupas";"318810";"144";"0,0931";"5878,73";"5592,2"
"Blumenau";"4202404";"2025";"Trabalhadores Da Produção De Bens E Serviços Industriais";"Trabalhadores da pintura de equipamentos, veículos, estruturas metálicas e de compósitos";"Pintor, A  Pistola (Exceto Obras E Estruturas Metálicas)";"723330";"143";"0,0925";"3301,83";"3072,41"
"Blumenau";"4202404";"2025";"Trabalhadores Agropecuários, Florestais E Da Pesca";"Trabalhadores de apoio à agricultura";"Jardineiro";"622010";"143";"0,0925";"2438,86";"2359,67"
"Blumenau";"4202404";"2025";"Trabalhadores Da Produção De Bens E Serviços Industriais";"Trabalhadores de acabamento, tingimento e estamparia das indústrias têxteis";"Operador De Rameuse";"761435";"143";"0,0925";"3289,28";"3283,96"
"Blumenau";"4202404";"2025";"Técnicos De Nivel Médio";"Especialistas em logística de transportes";"Tecnólogo Em Logística De Transporte";"342125";"142";"0,0918";"3603,46";"3212,12"
"Blumenau";"4202404";"2025";"Trabalhadores Da Produção De Bens E Serviços Industriais";"Trabalhadores de moldagem de metais e de ligas metálicas";"Moldador, A  Mão";"722315";"141";"0,0912";"4422,74";"4108,64"
"Blumenau";"4202404";"2025";"Trabalhadores Da Produção De Bens E Serviços Industriais";"Montadores de máquinas industriais";"Montador De Máquinas";"725205";"140";"0,0905";"3922,16";"3722,28"
"Blumenau";"4202404";"2025";"Trabalhadores De Serviços Administrativos";"Recepcionistas";"Recepcionista De Hotel";"422120";"139";"0,0899";"2909,18";"2758,15"
"Blumenau";"4202404";"2025";"Trabalhadores Da Produção De Bens E Serviços Industriais";"Trabalhadores de caldeiraria e serralheria";"Caldeireiro (Chapas De Ferro E Aço)";"724410";"138";"0,0892";"4899,84";"4495,5"
"Blumenau";"4202404";"2025";"Trabalhadores Da Produção De Bens E Serviços Industriais";"Ajustadores mecânicos polivalentes e afins";"Ajustador Mecânico";"725010";"138";"0,0892";"3731,04";"3610,79"
"Blumenau";"4202404";"2025";"Profissionais Das Ciências E Das Artes";"Secretárias(os) executivas(os) e afins";"Secretária(O) Executiva(O)";"252305";"138";"0,0892";"4431,27";"3327,59"
"Blumenau";"4202404";"2025";"Profissionais Das Ciências E Das Artes";"Fisioterapeutas";"Fisioterapeuta Geral";"223605";"136";"0,0879";"4632,91";"3867,61"
"Blumenau";"4202404";"2025";"Trabalhadores Dos Serviços, Vendedores Do Comércio Em Lojas E Mercados";"Vendedores em domicílio";"Vendedor Em Domicílio";"524105";"135";"0,0873";"5172,65";"3839,14"
"Blumenau";"4202404";"2025";"Trabalhadores Da Produção De Bens E Serviços Industriais";"Trabalhadores de caldeiraria e serralheria";"Serralheiro";"724440";"132";"0,0853";"3520,73";"3381,72"
"Blumenau";"4202404";"2025";"Técnicos De Nivel Médio";"Coloristas";"Colorista Têxtil";"311710";"132";"0,0853";"3579,11";"3416,53"
"Blumenau";"4202404";"2025";"Trabalhadores Dos Serviços, Vendedores Do Comércio Em Lojas E Mercados";"Policiais, guardas-civis municipais e agentes de trânsito";"Agente De Trânsito";"517220";"132";"0,0853";"5733,35";"5402,42"
"Blumenau";"4202404";"2025";"Profissionais Das Ciências E Das Artes";"Programadores, avaliadores e orientadores de ensino";"Orientador Educacional";"239410";"131";"0,0847";"9291,71";"8540,42"
"Blumenau";"4202404";"2025";"Membros Superiores Do Poder Público, Dirigentes De Organizações De Interesse Público E De Empresas, Gerentes";"Gerentes de pesquisa e desenvolvimento e afins";"Gerente De Pesquisa E Desenvolvimento (P&D)";"142605";"128";"0,0828";"15885,65";"15099,75"
"Blumenau";"4202404";"2025";"Trabalhadores De Serviços Administrativos";"Agentes, assistentes e auxiliares administrativos";"Auxiliar De Pessoal";"411030";"128";"0,0828";"2846,07";"2560,33"
"Blumenau";"4202404";"2025";"Técnicos De Nivel Médio";"Analistas de comércio exterior";"Analista De Exportação E Importação";"354305";"128";"0,0828";"5525,54";"5157,28"
"Blumenau";"4202404";"2025";"Membros Superiores Do Poder Público, Dirigentes De Organizações De Interesse Público E De Empresas, Gerentes";"Gerentes de comercialização, marketing e comunicação";"Gerente De Marketing";"142315";"128";"0,0828";"11527,07";"9482,22"
"Blumenau";"4202404";"2025";"Trabalhadores De Serviços Administrativos";"Almoxarifes e armazenistas";"Conferente Mercadoria (Exceto Carga E Descarga)";"414120";"128";"0,0828";"2808,02";"2512,79"
"Blumenau";"4202404";"2025";"Técnicos De Nivel Médio";"Serventuários da justiça e afins";"Escrevente";"351405";"127";"0,0821";"6091,55";"4994,44"
"Blumenau";"4202404";"2025";"Técnicos De Nivel Médio";"Instrutores e professores de cursos livres";"Instrutor De Auto-Escola";"333105";"126";"0,0815";"2489,05";"2571,77"
"Blumenau";"4202404";"2025";"Técnicos De Nivel Médio";"Técnicos de apoio em pesquisa e desenvolvimento";"Técnico De Apoio Em Pesquisa E Desenvolvimento (Exceto Agropecuário E Florestal)";"395105";"125";"0,0808";"4887,57";"4250,95"
"Blumenau";"4202404";"2025";"Profissionais Das Ciências E Das Artes";"Analistas de tecnologia da informação";"Arquiteto De Soluções De Tecnologia Da Informação";"212425";"124";"0,0802";"14500,95";"13895,75"
"Blumenau";"4202404";"2025";"Trabalhadores Da Produção De Bens E Serviços Industriais";"Operadores de instalações de captação e esgotos";"Operador De Estação De Tratamento De Água E Efluentes";"862305";"123";"0,0795";"4707,87";"4166,85"
"Blumenau";"4202404";"2025";"Trabalhadores Em Serviços De Reparação E Manutenção";"Mecânicos de manutenção de bicicletas e equipamentos esportivos e de ginástica";"Montador De Bicicletas";"919315";"123";"0,0795";"2318,64";"2319,15"
"Blumenau";"4202404";"2025";"Profissionais Das Ciências E Das Artes";"Professores de nível superior na educação infantil";"Professor De Nível Superior Na Educação Infantil (Quatro A Seis Anos)";"231105";"122";"0,0789";"4503,41";"4133,88"
"Blumenau";"4202404";"2025";"Técnicos De Nivel Médio";"Técnicos em construção civil (edificações)";"Técnico De Obras Civis";"312105";"121";"0,0782";"4136,66";"3522,56"
"Blumenau";"4202404";"2025";"Trabalhadores Da Produção De Bens E Serviços Industriais";"Montadores de equipamentos eletroeletrônicos";"Montador De Equipamentos Elétricos (Transformadores)";"731160";"120";"0,0776";"3346,35";"2882,31"
"Blumenau";"4202404";"2025";"Trabalhadores Em Serviços De Reparação E Manutenção";"Mecânicos de manutenção de veículos automotores";"Mecânico De Veículos Automotores A Diesel (Exceto Tratores)";"914425";"119";"0,0769";"4901,67";"4478,29"
"Blumenau";"4202404";"2025";"Trabalhadores De Serviços Administrativos";"Supervisores de atendimento ao público e de pesquisa";"Supervisor De Telemarketing E Atendimento";"420135";"118";"0,0763";"6911,37";"6019,0"
"Blumenau";"4202404";"2025";"Trabalhadores De Serviços Administrativos";"Trabalhadores nos serviços de classificação e entregas de correspondências, encomendas e publicações";"Carteiro";"415205";"117";"0,0756";"6663,17";"6543,32"
"Blumenau";"4202404";"2025";"Trabalhadores De Serviços Administrativos";"Auxiliares de contabilidade";"Analista De Folha De Pagamento";"413105";"117";"0,0756";"4686,46";"4568,95"
"Blumenau";"4202404";"2025";"Trabalhadores Dos Serviços, Vendedores Do Comércio Em Lojas E Mercados";"Trabalhadores nos serviços de administração de edifícios";"Garagista";"514110";"116";"0,0750";"2573,76";"2528,34"
"Blumenau";"4202404";"2025";"Trabalhadores Da Produção De Bens E Serviços Industriais";"Operadores de máquinas na fabricação de produtos de papel e papelão";"Operador De Máquina De Cortar E Dobrar Papelão";"833120";"116";"0,0750";"3529,36";"3556,89"
"Blumenau";"4202404";"2025";"Profissionais Das Ciências E Das Artes";"Profissionais de planejamento, programação e controles logisticos";"Analista De Logistica";"252715";"115";"0,0744";"4106,6";"3997,05"
"Blumenau";"4202404";"2025";"Membros Superiores Do Poder Público, Dirigentes De Organizações De Interesse Público E De Empresas, Gerentes";"Gerentes de tecnologia da informação";"Gerente De Operação De Tecnologia Da Informação";"142515";"114";"0,0737";"15562,02";"15492,6"
"Blumenau";"4202404";"2025";"Trabalhadores Da Produção De Bens E Serviços Industriais";"Montadores de móveis e artefatos de madeira";"Montador De Móveis E Artefatos De Madeira";"774105";"114";"0,0737";"2857,66";"2629,86"
"Blumenau";"4202404";"2025";"Técnicos De Nivel Médio";"Técnicos de odontologia";"Técnico Em Saúde Bucal";"322405";"114";"0,0737";"4690,91";"3979,53"
"Blumenau";"4202404";"2025";"Profissionais Das Ciências E Das Artes";"Profissionais de planejamento, programação e controles logisticos";"Analista De Pcp (Programação E Controle Da Produção)";"252705";"112";"0,0724";"5058,58";"4578,72"
"Blumenau";"4202404";"2025";"Técnicos De Nivel Médio";"Técnicos em eletrônica";"Técnico Em Manutenção De Equipamentos De Informática";"313220";"111";"0,0718";"3975,83";"3313,38"
"Blumenau";"4202404";"2025";"Técnicos De Nivel Médio";"Planejadores, programadores e controladores de produção e manutenção";"Controlador De Entrada E Saída";"391115";"110";"0,0711";"3303,02";"3066,53"
"Blumenau";"4202404";"2025";"Profissionais Das Ciências E Das Artes";"Biomédicos";"Biomédico";"221205";"109";"0,0705";"4623,7";"4591,19"
"Blumenau";"4202404";"2025";"Trabalhadores De Serviços Administrativos";"Supervisores de serviços financeiros, de câmbio e de controle";"Supervisor De Almoxarifado";"410205";"106";"0,0685";"5541,64";"5240,63"
"Blumenau";"4202404";"2025";"Técnicos De Nivel Médio";"Técnicos em eletrônica";"Técnico De Manutenção Eletrônica";"313205";"105";"0,0679";"5019,73";"4067,13"
"Blumenau";"4202404";"2025";"Trabalhadores Dos Serviços, Vendedores Do Comércio Em Lojas E Mercados";"Trabalhadores no atendimento em estabelecimentos de serviços de alimentação, bebidas e hotelaria";"Copeiro De Hospital";"513430";"103";"0,0666";"2589,54";"2568,35"
"Blumenau";"4202404";"2025";"Técnicos De Nivel Médio";"Técnicos de controle da produção";"Operador De Inspeção De Qualidade";"391215";"101";"0,0653";"2846,86";"2663,04"
"Blumenau";"4202404";"2025";"Trabalhadores Da Produção De Bens E Serviços Industriais";"Instaladores e reparadores de linhas e cabos elétricos, telefônicos e de comunicação de dados";"Eletricista De Manutenção De Linhas Elétricas, Telefônicas E De Comunicação De Dados";"732105";"100";"0,0647";"8614,51";"7483,36"
"Blumenau";"4202404";"2025";"Trabalhadores Da Produção De Bens E Serviços Industriais";"Motoristas de veículos de cargas em geral";"Motorista Operacional De Guincho";"782515";"99";"0,0640";"4353,99";"3458,17"
"Blumenau";"4202404";"2025";"Trabalhadores Da Produção De Bens E Serviços Industriais";"Montadores de estruturas de concreto armado";"Armador De Estrutura De Concreto";"715305";"99";"0,0640";"2611,45";"2525,19"
"Blumenau";"4202404";"2025";"Trabalhadores Da Produção De Bens E Serviços Industriais";"Trabalhadores na operação de máquinas de terraplenagem e fundações";"Operador De Máquinas De Construção Civil E Mineração";"715125";"99";"0,0640";"3683,91";"3382,56"
"Blumenau";"4202404";"2025";"Profissionais Das Ciências E Das Artes";"Advogados";"Advogado";"241005";"98";"0,0634";"7046,82";"4789,92"
"Blumenau";"4202404";"2025";"Técnicos De Nivel Médio";"Desenhistas projetistas da eletrônica";"Desenhista Projetista De Eletricidade";"318705";"98";"0,0634";"4809,07";"4582,57"
"Blumenau";"4202404";"2025";"Técnicos De Nivel Médio";"Técnicos de laboratório industrial";"Técnico De Laboratório De Análises Físico-Químicas (Materiais De Construção)";"301110";"97";"0,0627";"7240,92";"7464,67"
"Blumenau";"4202404";"2025";"Técnicos De Nivel Médio";"Inspetores de alunos e afins";"Inspetor De Alunos De Escola Privada";"334105";"96";"0,0621";"2170,71";"2060,42"
"Blumenau";"4202404";"2025";"Trabalhadores Da Produção De Bens E Serviços Industriais";"Supervisores da indústria têxtil";"Mestre (Indústria Têxtil E De Confecções)";"760125";"96";"0,0621";"6856,11";"6355,09"
"Blumenau";"4202404";"2025";"Trabalhadores Da Produção De Bens E Serviços Industriais";"Trabalhadores na operação de máquinas de terraplenagem e fundações";"Operador De Escavadeira";"715115";"96";"0,0621";"4012,57";"3671,87"
"Blumenau";"4202404";"2025";"Profissionais Das Ciências E Das Artes";"Analistas de tecnologia da informação";"Analista De Sistemas De Automação";"212415";"96";"0,0621";"8582,73";"7276,11"
"Blumenau";"4202404";"2025";"Profissionais Das Ciências E Das Artes";"Professores de ciências biológicas e da saúde do ensino superior";"Professor De Medicina";"234435";"96";"0,0621";"6021,19";"4480,23"
"Blumenau";"4202404";"2025";"Técnicos De Nivel Médio";"Técnicos têxteis";"Técnico Têxtil";"311605";"96";"0,0621";"5342,91";"4734,82"
"Blumenau";"4202404";"2025";"Trabalhadores De Serviços Administrativos";"Supervisores de serviços financeiros, de câmbio e de controle";"Supervisor De Logística";"410240";"96";"0,0621";"7015,7";"5648,49"
"Blumenau";"4202404";"2025";"Profissionais Das Ciências E Das Artes";"Administradores de tecnologia da informação";"Administrador Em Segurança Da Informação";"212320";"94";"0,0608";"9753,09";"8922,74"
"Blumenau";"4202404";"2025";"Membros Superiores Do Poder Público, Dirigentes De Organizações De Interesse Público E De Empresas, Gerentes";"Gerentes de manutenção e afins";"Gerente De Projetos E Serviços De Manutenção";"142705";"91";"0,0588";"9869,79";"8795,15"
"Blumenau";"4202404";"2025";"Técnicos De Nivel Médio";"Técnicos de laboratórios de saúde e bancos de sangue";"Técnico Em Patologia Clínica";"324205";"91";"0,0588";"3951,14";"3578,7"
"Blumenau";"4202404";"2025";"Técnicos De Nivel Médio";"Técnicos em serviços de turismo e organização de eventos";"Agente De Viagem";"354815";"91";"0,0588";"6467,34";"4233,33"
"Blumenau";"4202404";"2025";"Trabalhadores Da Produção De Bens E Serviços Industriais";"Gesseiros";"Gesseiro";"716405";"91";"0,0588";"2184,83";"2086,93"
"Blumenau";"4202404";"2025";"Técnicos De Nivel Médio";"Técnicos em transportes rodoviários";"Supervisor De Carga E Descarga";"342315";"90";"0,0582";"4374,76";"4065,9"
"Blumenau";"4202404";"2025";"Técnicos De Nivel Médio";"Especialistas em promoção de produtos e vendas";"Promotor De Vendas Especializado";"354130";"89";"0,0575";"7410,14";"4459,33"
"Blumenau";"4202404";"2025";"Técnicos De Nivel Médio";"Técnicos químicos";"Técnico Químico";"311105";"89";"0,0575";"4661,16";"3897,08"
"Blumenau";"4202404";"2025";"Profissionais Das Ciências E Das Artes";"Advogados";"Consultor Jurídico";"241040";"89";"0,0575";"6528,84";"5305,58"
"Blumenau";"4202404";"2025";"Membros Superiores Do Poder Público, Dirigentes De Organizações De Interesse Público E De Empresas, Gerentes";"Gerentes de operações comerciais e de assistência técnica";"Comerciante Varejista";"141410";"88";"0,0569";"3535,46";"3179,6"
"Blumenau";"4202404";"2025";"Profissionais Das Ciências E Das Artes";"Chefes de cozinha e afins";"Chefe De Cozinha";"271105";"86";"0,0556";"4033,7";"3774,35"
"Blumenau";"4202404";"2025";"Técnicos De Nivel Médio";"Instrutores e professores de cursos livres";"Professores De Cursos Livres";"333115";"86";"0,0556";"2900,58";"2348,12"
"Blumenau";"4202404";"2025";"Trabalhadores Dos Serviços, Vendedores Do Comércio Em Lojas E Mercados";"Churrasqueiros, pizzaiolos e sushimen";"Pizzaiolo";"513610";"85";"0,0550";"3115,22";"2954,28"
"Blumenau";"4202404";"2025";"Membros Superiores Do Poder Público, Dirigentes De Organizações De Interesse Público E De Empresas, Gerentes";"Gerentes de operações de serviços em empresa de transporte, de comunicação e de logística (armazenagem e distribuição)";"Gerente De Logística (Armazenagem E Distribuição)";"141615";"85";"0,0550";"7937,45";"5640,49"
"Blumenau";"4202404";"2025";"Trabalhadores Da Produção De Bens E Serviços Industriais";"Supervisores da confecção de artefatos de tecidos, couros e afins";"Supervisor Da Confecção De Artefatos De Tecidos, Couros E Afins";"760505";"85";"0,0550";"6299,51";"4869,89"
"Blumenau";"4202404";"2025";"Técnicos De Nivel Médio";"Serventuários da justiça e afins";"Auxiliar De Serviços Jurídicos";"351430";"84";"0,0543";"2549,29";"2310,26"
"Blumenau";"4202404";"2025";"Trabalhadores De Serviços Administrativos";"Escriturários de serviços bancários";"Atendente De Agência";"413205";"84";"0,0543";"3792,54";"3598,13"
"Blumenau";"4202404";"2025";"Profissionais Das Ciências E Das Artes";"Professores na área de formação pedagógica do ensino superior";"Professor De Ensino Superior Na Área De Didática";"234505";"84";"0,0543";"4068,79";"2337,99"
"Blumenau";"4202404";"2025";"Técnicos De Nivel Médio";"Desenhistas projetistas de construção civil e arquitetura";"Desenhista Projetista De Construção Civil";"318510";"84";"0,0543";"3991,87";"3313,51"
"Blumenau";"4202404";"2025";"Técnicos De Nivel Médio";"Técnicos em secretariado, taquígrafos e estenotipistas";"Técnico Em Secretariado";"351505";"83";"0,0537";"3401,05";"2685,73"
"Blumenau";"4202404";"2025";"Trabalhadores Dos Serviços, Vendedores Do Comércio Em Lojas E Mercados";"Outros trabalhadores dos serviços";"Guardador De Veículos";"519925";"82";"0,0530";"2068,03";"2020,24"
"Blumenau";"4202404";"2025";"Trabalhadores De Serviços Administrativos";"Operadores de telemarketing e afins";"Operador De Telemarketing Ativo E Receptivo";"422310";"82";"0,0530";"2425,87";"1984,1"
"Blumenau";"4202404";"2025";"Trabalhadores Da Produção De Bens E Serviços Industriais";"Operadores de máquinas de conformação de metais";"Operador De Máquina De Dobrar Chapas";"724510";"82";"0,0530";"3713,01";"3642,69"
"Blumenau";"4202404";"2025";"Trabalhadores Da Produção De Bens E Serviços Industriais";"Montadores de equipamentos eletroeletrônicos";"Montador De Equipamentos Eletrônicos";"731150";"81";"0,0524";"2602,56";"2337,23"
"Blumenau";"4202404";"2025";"Técnicos De Nivel Médio";"Técnicos em eletromecânica";"Técnico Em Eletromecânica";"300305";"81";"0,0524";"6043,42";"5773,46"
"Blumenau";"4202404";"2025";"Trabalhadores De Serviços Administrativos";"Supervisores de serviços financeiros, de câmbio e de controle";"Supervisor De Crédito E Cobrança";"410225";"80";"0,0517";"7647,48";"6831,51"
"Blumenau";"4202404";"2025";"Profissionais Das Ciências E Das Artes";"Instrutores de ensino profissional";"Instrutor De Aprendizagem E Treinamento Comercial";"233215";"79";"0,0511";"3604,33";"2644,38"
"Blumenau";"4202404";"2025";"Trabalhadores Da Produção De Bens E Serviços Industriais";"Trabalhadores de instalações elétricas";"Eletricista De Instalações (Edifícios)";"715610";"78";"0,0504";"3575,23";"3477,73"
"Blumenau";"4202404";"2025";"Técnicos De Nivel Médio";"Técnicos de suporte e monitoração ao usuário de tecnologia da informação.";"Operador De Computador";"317205";"78";"0,0504";"4736,28";"4056,85"
"Blumenau";"4202404";"2025";"Profissionais Das Ciências E Das Artes";"Profissionais de mídias digitais e afins";"Analista De Mídias Sociais";"253405";"77";"0,0498";"3295,05";"2781,05"
"Blumenau";"4202404";"2025";"Trabalhadores Da Produção De Bens E Serviços Industriais";"Operadores de tear e máquinas similares";"Tecelão De Malhas, A  Máquina";"761327";"77";"0,0498";"2885,03";"2537,75"
"Blumenau";"4202404";"2025";"Trabalhadores Da Produção De Bens E Serviços Industriais";"Trabalhadores de estruturas de alvenaria";"Pedreiro De Edificações";"715230";"77";"0,0498";"2534,19";"2625,78"
"Blumenau";"4202404";"2025";"Técnicos De Nivel Médio";"Técnicos em mecatrônica";"Técnico Em Mecatrônica - Automação Da Manufatura";"300105";"76";"0,0491";"5902,6";"5138,39"
"Blumenau";"4202404";"2025";"Trabalhadores Da Produção De Bens E Serviços Industriais";"Preparadores e operadores de máquinas-ferramenta convencionais";"Preparador De Máquinas-Ferramenta";"721225";"75";"0,0485";"4072,29";"3684,09"
"Blumenau";"4202404";"2025";"Trabalhadores Da Produção De Bens E Serviços Industriais";"Trabalhadores da pré-impressão gráfica";"Operador De Sistemas De Prova (Analógico E Digital)";"766145";"75";"0,0485";"3510,7";"3098,32"
"Blumenau";"4202404";"2025";"Trabalhadores Da Produção De Bens E Serviços Industriais";"Profissionais polivalentes da confecção de roupas";"Costureira De Reparação De Roupas";"763015";"74";"0,0478";"3080,74";"3052,21"
"Blumenau";"4202404";"2025";"Trabalhadores Dos Serviços, Vendedores Do Comércio Em Lojas E Mercados";"Trabalhadores no atendimento em estabelecimentos de serviços de alimentação, bebidas e hotelaria";"Barman";"513420";"74";"0,0478";"2615,0";"2483,27"
"Blumenau";"4202404";"2025";"Trabalhadores Da Produção De Bens E Serviços Industriais";"Operadores de processos das indústrias de transformação de produtos químicos, petroquímicos e afins";"Operador De Processo (Química, Petroquímica E Afins)";"813120";"74";"0,0478";"3847,1";"3705,57"
"Blumenau";"4202404";"2025";"Técnicos De Nivel Médio";"Tecnólogos e técnicos em terapias complementares e estéticas";"Esteticista";"322130";"73";"0,0472";"3001,73";"3049,47"
"Blumenau";"4202404";"2025";"Técnicos De Nivel Médio";"Instrutores e professores de cursos livres";"Instrutor De Cursos Livres";"333110";"73";"0,0472";"2898,04";"2494,1"
"Blumenau";"4202404";"2025";"Trabalhadores Dos Serviços, Vendedores Do Comércio Em Lojas E Mercados";"Churrasqueiros, pizzaiolos e sushimen";"Sushiman";"513615";"73";"0,0472";"3131,64";"2993,66"
"Blumenau";"4202404";"2025";"Trabalhadores Da Produção De Bens E Serviços Industriais";"Operadores de tear e máquinas similares";"Operador De Urdideira";"761357";"72";"0,0466";"3079,45";"3053,38"
"Blumenau";"4202404";"2025";"Membros Superiores Do Poder Público, Dirigentes De Organizações De Interesse Público E De Empresas, Gerentes";"Gerentes de tecnologia da informação";"Gerente De Suporte Técnico De Tecnologia Da Informação";"142530";"72";"0,0466";"11558,37";"10029,45"
"Blumenau";"4202404";"2025";"Técnicos De Nivel Médio";"Professores de nível médio no ensino fundamental";"Professor De Nível Médio No Ensino Fundamental";"331205";"71";"0,0459";"4173,17";"4069,25"
"Blumenau";"4202404";"2025";"Membros Superiores Do Poder Público, Dirigentes De Organizações De Interesse Público E De Empresas, Gerentes";"Gerentes administrativos, financeiros, de riscos e afins";"Analista De Compliance";"142125";"71";"0,0459";"5236,17";"4301,7"
"Blumenau";"4202404";"2025";"Trabalhadores Da Produção De Bens E Serviços Industriais";"Vidraceiros (revestimentos rígidos)";"Vidraceiro";"716305";"70";"0,0453";"3146,05";"3086,69"
"Blumenau";"4202404";"2025";"Técnicos De Nivel Médio";"Desenhistas projetistas da mecânica";"Desenhista Projetista Mecânico";"318610";"70";"0,0453";"5936,51";"5310,22"
"Blumenau";"4202404";"2025";"Trabalhadores Da Produção De Bens E Serviços Industriais";"Supervisores de trabalhadores de embalagem e etiquetagem";"Supervisor De Embalagem E Etiquetagem";"780105";"70";"0,0453";"4848,67";"3917,89"
"Blumenau";"4202404";"2025";"Trabalhadores Dos Serviços, Vendedores Do Comércio Em Lojas E Mercados";"Trabalhadores em serviços de promoção e apoio à saúde";"Agente De Combate Às Endemias";"515140";"69";"0,0446";"3209,21";"3046,02"
"Blumenau";"4202404";"2025";"Trabalhadores Da Produção De Bens E Serviços Industriais";"Montadores de equipamentos eletroeletrônicos";"Operador De Linha De Montagem (Aparelhos Elétricos)";"731175";"69";"0,0446";"4136,68";"3942,06"
"Blumenau";"4202404";"2025";"Trabalhadores Em Serviços De Reparação E Manutenção";"Trabalhadores operacionais de conservação de vias permanentes (exceto trilhos)";"Auxiliar Geral De Conservação De Vias Permanentes (Exceto Trilhos)";"992225";"69";"0,0446";"2392,7";"2339,65"
"Blumenau";"4202404";"2025";"Trabalhadores Da Produção De Bens E Serviços Industriais";"Supervisores da indústria têxtil";"Contramestre De Malharia (Indústria Têxtil)";"760115";"68";"0,0440";"5063,83";"4361,82"
"Blumenau";"4202404";"2025";"Trabalhadores Da Produção De Bens E Serviços Industriais";"Trabalhadores do acabamento gráfico";"Impressor De Corte E Vinco";"766310";"68";"0,0440";"4224,34";"4035,91"
"Blumenau";"4202404";"2025";"Trabalhadores Da Produção De Bens E Serviços Industriais";"Supervisores da indústria têxtil";"Contramestre De Acabamento (Indústria Têxtil)";"760105";"67";"0,0433";"5014,33";"4332,96"
"Blumenau";"4202404";"2025";"Técnicos De Nivel Médio";"Técnicos em contabilidade";"Técnico De Contabilidade";"351105";"67";"0,0433";"5555,94";"4910,2"
"Blumenau";"4202404";"2025";"Trabalhadores Da Produção De Bens E Serviços Industriais";"Trabalhadores de caldeiraria e serralheria";"Funileiro Industrial";"724435";"67";"0,0433";"3724,63";"3170,41"
"Blumenau";"4202404";"2025";"Técnicos De Nivel Médio";"Coloristas";"Preparador De Tintas";"311715";"67";"0,0433";"3657,38";"3584,76"
"Blumenau";"4202404";"2025";"Técnicos De Nivel Médio";"Técnicos mecânicos na fabricação e montagem de máquinas, sistemas e instrumentos";"Técnico Mecânico (Máquinas)";"314120";"67";"0,0433";"6380,79";"5829,9"
"Blumenau";"4202404";"2025";"Trabalhadores Dos Serviços, Vendedores Do Comércio Em Lojas E Mercados";"Bombeiros, salva-vidas e afins";"Bombeiro Civil";"517110";"67";"0,0433";"4743,78";"4429,03"
"Blumenau";"4202404";"2025";"Profissionais Das Ciências E Das Artes";"Pesquisadores das ciências naturais e exatas";"Pesquisador Em Ciências Da Computação E Informática";"203105";"66";"0,0427";"7485,99";"6277,05"
"Blumenau";"4202404";"2025";"Trabalhadores Da Produção De Bens E Serviços Industriais";"Trabalhadores da pintura de equipamentos, veículos, estruturas metálicas e de compósitos";"Pintor De Estruturas Metálicas";"723315";"66";"0,0427";"3869,26";"3722,28"
"Blumenau";"4202404";"2025";"Trabalhadores Da Produção De Bens E Serviços Industriais";"Supervisores das artes gráficas";"Supervisor Das Artes Gráficas  (Indústria Editorial E Gráfica)";"760605";"65";"0,0420";"7537,7";"6683,97"
"Blumenau";"4202404";"2025";"Trabalhadores Dos Serviços, Vendedores Do Comércio Em Lojas E Mercados";"Tintureiros, lavadeiros e afins, a máquina";"Auxiliar De Lavanderia";"516345";"64";"0,0414";"2413,7";"2385,79"
"Blumenau";"4202404";"2025";"Trabalhadores Dos Serviços, Vendedores Do Comércio Em Lojas E Mercados";"Outros trabalhadores dos serviços";"Cartazeiro";"519905";"63";"0,0407";"3371,09";"3021,62"
"Blumenau";"4202404";"2025";"Técnicos De Nivel Médio";"Técnicos em telecomunicações";"Técnico De Telecomunicações (Telefonia)";"313315";"63";"0,0407";"4805,25";"4730,48"
"Blumenau";"4202404";"2025";"Profissionais Das Ciências E Das Artes";"Professores de arquitetura e urbanismo, engenharia, geofísica e geologia do ensino superior";"Professor De Engenharia";"234310";"63";"0,0407";"12145,36";"11168,09"
"Blumenau";"4202404";"2025";"Trabalhadores De Serviços Administrativos";"Supervisores de atendimento ao público e de pesquisa";"Supervisor De Caixas E Bilheteiros (Exceto Caixa De Banco)";"420105";"63";"0,0407";"3692,33";"2999,65"
"Blumenau";"4202404";"2025";"Técnicos De Nivel Médio";"Planejadores, programadores e controladores de produção e manutenção";"Cronoanalista";"391105";"62";"0,0401";"5577,12";"5238,79"
"Blumenau";"4202404";"2025";"Técnicos De Nivel Médio";"Desenhistas técnicos, em geral";"Desenhista Técnico";"318005";"62";"0,0401";"4053,53";"3454,39"
"Blumenau";"4202404";"2025";"Profissionais Das Ciências E Das Artes";"Economistas";"Economista Industrial";"251220";"61";"0,0394";"8686,07";"7309,56"
"Blumenau";"4202404";"2025";"Trabalhadores Da Produção De Bens E Serviços Industriais";"Supervisores da indústria têxtil";"Contramestre De Tecelagem (Indústria Têxtil)";"760120";"60";"0,0388";"5147,81";"4193,42"
"Blumenau";"4202404";"2025";"Profissionais Das Ciências E Das Artes";"Programadores, avaliadores e orientadores de ensino";"Pedagogo";"239415";"60";"0,0388";"9063,34";"8200,93"
"Blumenau";"4202404";"2025";"Trabalhadores Dos Serviços, Vendedores Do Comércio Em Lojas E Mercados";"Trabalhadores no atendimento em estabelecimentos de serviços de alimentação, bebidas e hotelaria";"Barista";"513440";"59";"0,0381";"2267,14";"2247,31"
"Blumenau";"4202404";"2025";"Trabalhadores Dos Serviços, Vendedores Do Comércio Em Lojas E Mercados";"Trabalhadores de serviços veterinários, de higiene e estética de animais domésticos";"Esteticista De Animais Domésticos";"519310";"59";"0,0381";"2608,96";"2382,87"
"Blumenau";"4202404";"2025";"Trabalhadores Da Produção De Bens E Serviços Industriais";"Operadores de equipamentos de acabamento de chapas e metais";"Operador De Tesoura Mecânica E Máquina De Corte, No Acabamento De Chapas E Metais";"821440";"58";"0,0375";"3264,9";"3127,61"
"Blumenau";"4202404";"2025";"Profissionais Das Ciências E Das Artes";"Fonoaudiólogos";"Fonoaudiólogo Geral";"223810";"58";"0,0375";"7113,92";"5992,03"
"Blumenau";"4202404";"2025";"Técnicos De Nivel Médio";"Desenhistas projetistas de construção civil e arquitetura";"Desenhista Projetista De Arquitetura";"318505";"57";"0,0369";"3803,59";"3456,63"
"Blumenau";"4202404";"2025";"Trabalhadores Da Produção De Bens E Serviços Industriais";"Operadores de fornos de primeira  fusão e aciaria";"Forneiro E Operador (Forno Elétrico)";"821215";"57";"0,0369";"4798,55";"4925,16"
"Blumenau";"4202404";"2025";"Profissionais Das Ciências E Das Artes";"Profissionais de administração ecônomico-financeira";"Analista De Produtos Bancários";"252540";"57";"0,0369";"6558,07";"6012,85"
"Blumenau";"4202404";"2025";"Trabalhadores Em Serviços De Reparação E Manutenção";"Reparadores de carrocerias de veículos";"Funileiro De Veículos (Reparação)";"991305";"57";"0,0369";"3812,32";"3489,2"
"Blumenau";"4202404";"2025";"Trabalhadores Da Produção De Bens E Serviços Industriais";"Operadores de máquinas e equipamentos de elevação";"Operador De Ponte Rolante";"782130";"57";"0,0369";"4775,36";"4881,77"
"Blumenau";"4202404";"2025";"Trabalhadores Da Produção De Bens E Serviços Industriais";"Operadores de máquinas a vapor e utilidades";"Operador De Caldeira";"862120";"57";"0,0369";"4126,7";"4174,6"
"Blumenau";"4202404";"2025";"Trabalhadores Da Produção De Bens E Serviços Industriais";"Trabalhadores de estruturas de alvenaria";"Calceteiro";"715205";"56";"0,0362";"2443,26";"2556,17"
"Blumenau";"4202404";"2025";"Trabalhadores Da Produção De Bens E Serviços Industriais";"Preparadores e operadores de máquinas-ferramenta convencionais";"Operador De Máquinas Operatrizes";"721210";"56";"0,0362";"3012,16";"2462,54"
"Blumenau";"4202404";"2025";"Profissionais Das Ciências E Das Artes";"Professores de educação especial";"Professor De Alunos Com Deficiência Mental";"239215";"56";"0,0362";"5272,24";"5313,17"
"Blumenau";"4202404";"2025";"Profissionais Das Ciências E Das Artes";"Professores nas áreas de língua e literatura do ensino superior";"Professor De Língua Inglesa";"234616";"55";"0,0356";"5318,29";"4361,18"
"Blumenau";"4202404";"2025";"Profissionais Das Ciências E Das Artes";"Farmacêuticos";"Farmacêutico Hospitalar E Clínico";"223445";"55";"0,0356";"5909,46";"6017,31"
"Blumenau";"4202404";"2025";"Trabalhadores Em Serviços De Reparação E Manutenção";"Lubrificadores";"Lubrificador De Veículos Automotores (Exceto Embarcações)";"919110";"54";"0,0349";"3089,08";"2819,3"
"Blumenau";"4202404";"2025";"Membros Superiores Do Poder Público, Dirigentes De Organizações De Interesse Público E De Empresas, Gerentes";"Gerentes administrativos, financeiros, de riscos e afins";"Analista De Riscos";"142130";"54";"0,0349";"7532,28";"6967,51"
"Blumenau";"4202404";"2025";"Trabalhadores Da Produção De Bens E Serviços Industriais";"Trabalhadores da impressão gráfica";"Impressor Flexográfico";"766235";"54";"0,0349";"4416,13";"4344,8"
"Blumenau";"4202404";"2025";"Trabalhadores Da Produção De Bens E Serviços Industriais";"Trabalhadores na fabricação e conservação de alimentos";"Cozinhador (Conservação De Alimentos)";"841408";"54";"0,0349";"2854,1";"2766,35"
"Blumenau";"4202404";"2025";"Trabalhadores De Serviços Administrativos";"Coletadores de apostas e de jogos";"Recebedor De Apostas (Loteria)";"421205";"54";"0,0349";"2628,78";"2433,72"
"Blumenau";"4202404";"2025";"Técnicos De Nivel Médio";"Técnicos agrícolas";"Técnico Agropecuário";"321110";"53";"0,0343";"9360,48";"9328,53"
"Blumenau";"4202404";"2025";"Trabalhadores Da Produção De Bens E Serviços Industriais";"Supervisores da fabricação de alimentos, bebidas e fumo";"Supervisor De Produção Da Indústria Alimentícia";"840105";"53";"0,0343";"4728,02";"4552,52"
"Blumenau";"4202404";"2025";"Técnicos De Nivel Médio";"Técnicos em biblioteconomia";"Auxiliar De Biblioteca";"371105";"53";"0,0343";"4665,51";"4626,34"
"Blumenau";"4202404";"2025";"Técnicos De Nivel Médio";"Técnicos em eletricidade e eletrotécnica";"Técnico Eletricista";"313130";"53";"0,0343";"6766,28";"6124,19"
"Blumenau";"4202404";"2025";"Trabalhadores De Serviços Administrativos";"Supervisores de serviços financeiros, de câmbio e de controle";"Supervisor De Tesouraria";"410235";"53";"0,0343";"7478,11";"6832,97"
"Blumenau";"4202404";"2025";"Trabalhadores Da Produção De Bens E Serviços Industriais";"Ferramenteiros e afins";"Ferramenteiro";"721105";"53";"0,0343";"5801,61";"5758,63"
"Blumenau";"4202404";"2025";"Técnicos De Nivel Médio";"Inspetores de alunos e afins";"Inspetor De Alunos De Escola Pública";"334110";"52";"0,0336";"5962,36";"6514,44"
"Blumenau";"4202404";"2025";"Trabalhadores Da Produção De Bens E Serviços Industriais";"Trabalhadores de embalagem e de etiquetagem";"Operador De Máquina De Etiquetar";"784115";"52";"0,0336";"2257,84";"2207,46"
"Blumenau";"4202404";"2025";"Trabalhadores Dos Serviços, Vendedores Do Comércio Em Lojas E Mercados";"Supervisores de vendas e de prestação de serviços";"Supervisor De Vendas De Serviços";"520105";"52";"0,0336";"5476,1";"4895,32"
"Blumenau";"4202404";"2025";"Técnicos De Nivel Médio";"Compradores";"Supervisor De Compras";"354210";"51";"0,0330";"8558,07";"7661,06"
"Blumenau";"4202404";"2025";"Profissionais Das Ciências E Das Artes";"Professores de ciências humanas do ensino superior";"Professor De Direito Do Ensino Superior";"234730";"51";"0,0330";"9084,29";"5404,94"
"Blumenau";"4202404";"2025";"Trabalhadores Da Produção De Bens E Serviços Industriais";"Trabalhadores de acabamento, tingimento e estamparia das indústrias têxteis";"Operador De Calandras (Tecidos)";"761415";"51";"0,0330";"3004,75";"2881,52"
"Blumenau";"4202404";"2025";"Trabalhadores Da Produção De Bens E Serviços Industriais";"Trabalhadores da impressão gráfica";"Impressor (Serigrafia)";"766205";"51";"0,0330";"3123,76";"3059,45"
"Blumenau";"4202404";"2025";"Profissionais Das Ciências E Das Artes";"Artistas visuais,desenhistas industriais e conservadores-restauradores de bens culturais";"Desenhista Industrial De Produto (Designer De Produto)";"262420";"50";"0,0323";"8291,75";"6748,24"
"Blumenau";"4202404";"2025";"Trabalhadores De Serviços Administrativos";"Caixas e bilheteiros (exceto caixa de banco)";"Atendente Comercial (Agência Postal)";"421105";"50";"0,0323";"3897,07";"2751,68"
"Blumenau";"4202404";"2025";"Membros Superiores Do Poder Público, Dirigentes De Organizações De Interesse Público E De Empresas, Gerentes";"Gerentes de operações comerciais e de assistência técnica";"Gerente De Operações De Serviços De Assistência Técnica";"141420";"49";"0,0317";"9847,91";"7882,88"
"Blumenau";"4202404";"2025";"Trabalhadores Da Produção De Bens E Serviços Industriais";"Instaladores de equipamentos de refrigeração e ventilação";"Mecânico De Refrigeração";"725705";"49";"0,0317";"3737,31";"3708,02"
"Blumenau";"4202404";"2025";"Trabalhadores Dos Serviços, Vendedores Do Comércio Em Lojas E Mercados";"Operadores do comércio em lojas e mercados";"Demonstrador De Mercadorias";"521120";"49";"0,0317";"4261,38";"3297,32"
"Blumenau";"4202404";"2025";"Técnicos De Nivel Médio";"Técnicos em eletricidade e eletrotécnica";"Eletrotécnico Na Fabricação, Montagem E Instalação De Máquinas E Equipamentos";"313115";"49";"0,0317";"7689,5";"7129,55"
"Blumenau";"4202404";"2025";"Trabalhadores De Serviços Administrativos";"Operadores de telemarketing e afins";"Operador De Telemarketing Ativo";"422305";"49";"0,0317";"2381,92";"2263,3"
"Blumenau";"4202404";"2025";"Trabalhadores Dos Serviços, Vendedores Do Comércio Em Lojas E Mercados";"Instaladores de produtos e acessórios";"Instalador De Som E Acessórios De Veículos";"523110";"48";"0,0310";"3511,26";"3175,28"
"Blumenau";"4202404";"2025";"Trabalhadores Em Serviços De Reparação E Manutenção";"Instaladores e mantenedores de sistemas eletroeletrônicos de segurança";"Instalador De Sistemas Eletroeletrônicos De Segurança";"951305";"48";"0,0310";"3515,59";"3285,71"
"Blumenau";"4202404";"2025";"Membros Superiores Do Poder Público, Dirigentes De Organizações De Interesse Público E De Empresas, Gerentes";"Gestores e especialistas de operações em empresas, secretarias e unidades de serviços de saúde";"Gerente De Serviços De Saúde";"131210";"47";"0,0304";"11174,94";"9590,88"
"Blumenau";"4202404";"2025";"Técnicos De Nivel Médio";"Técnicos do vestuário";"Técnico Em Confecções Do Vestuário";"319110";"47";"0,0304";"3765,59";"3489,8"
"Blumenau";"4202404";"2025";"Trabalhadores De Serviços Administrativos";"Contínuos";"Contínuo";"412205";"47";"0,0304";"2575,84";"2413,27"
"Blumenau";"4202404";"2025";"Trabalhadores Da Produção De Bens E Serviços Industriais";"Laboratoristas industriais auxiliares";"Auxiliar De Laboratório De Análises Físico-Químicas";"818110";"47";"0,0304";"3027,65";"2186,79"
"Blumenau";"4202404";"2025";"Membros Superiores Do Poder Público, Dirigentes De Organizações De Interesse Público E De Empresas, Gerentes";"Diretores de comercialização e marketing";"Diretor Comercial";"123305";"47";"0,0304";"31702,01";"28728,26"
"Blumenau";"4202404";"2025";"Técnicos De Nivel Médio";"Recreadores";"Recreador";"371410";"46";"0,0297";"2453,3";"2060,42"
"Blumenau";"4202404";"2025";"Trabalhadores Da Produção De Bens E Serviços Industriais";"Trabalhadores da preparação da confecção de roupas";"Riscador De Roupas";"763120";"46";"0,0297";"3660,87";"3580,92"
"Blumenau";"4202404";"2025";"Trabalhadores Da Produção De Bens E Serviços Industriais";"Trabalhadores da pré-impressão gráfica";"Editor De Texto E Imagem";"766120";"46";"0,0297";"3224,3";"2719,58"
"Blumenau";"4202404";"2025";"Trabalhadores De Serviços Administrativos";"Agentes, assistentes e auxiliares administrativos";"Auxiliar De Seguros";"411040";"45";"0,0291";"3026,42";"2705,23"
"Blumenau";"4202404";"2025";"Trabalhadores Em Serviços De Reparação E Manutenção";"Trabalhadores elementares de serviços de manutenção veicular";"Borracheiro";"992115";"45";"0,0291";"3098,61";"2998,0"
"Blumenau";"4202404";"2025";"Técnicos De Nivel Médio";"Técnicos em eletricidade e eletrotécnica";"Técnico De Manutenção Elétrica";"313120";"45";"0,0291";"5740,37";"3727,98"
"Blumenau";"4202404";"2025";"Trabalhadores Da Produção De Bens E Serviços Industriais";"Aplicadores de revestimentos cerâmicos, pastilhas, pedras e madeiras";"Marmorista (Construção)";"716525";"45";"0,0291";"4202,61";"3847,92"
"Blumenau";"4202404";"2025";"Técnicos De Nivel Médio";"Professores leigos no ensino fundamental";"Professor Leigo No Ensino Fundamental";"332105";"45";"0,0291";"2428,48";"2027,25"
"Blumenau";"4202404";"2025";"Trabalhadores Em Serviços De Reparação E Manutenção";"Mecânicos de manutenção de veículos automotores";"Mecânico De Manutenção De Empilhadeiras E Outros Veículos De Cargas Leves";"914410";"44";"0,0284";"4629,29";"4287,51"
"Blumenau";"4202404";"2025";"Trabalhadores Da Produção De Bens E Serviços Industriais";"Trabalhadores da impressão gráfica";"Impressor Digital";"766230";"44";"0,0284";"3612,06";"3509,4"
"Blumenau";"4202404";"2025";"Membros Superiores Do Poder Público, Dirigentes De Organizações De Interesse Público E De Empresas, Gerentes";"Gerentes de tecnologia da informação";"Tecnólogo Em Gestão Da Tecnologia Da Informação";"142535";"44";"0,0284";"9807,52";"9576,25"
"Blumenau";"4202404";"2025";"Trabalhadores Dos Serviços, Vendedores Do Comércio Em Lojas E Mercados";"Fiscais e cobradores dos transportes coletivos";"Fiscal De Transportes Coletivos (Exceto Trem)";"511205";"44";"0,0284";"5391,42";"5575,83"
"Blumenau";"4202404";"2025";"Membros Superiores Do Poder Público, Dirigentes De Organizações De Interesse Público E De Empresas, Gerentes";"Gerentes de suprimentos e afins";"Gerente De Compras";"142405";"44";"0,0284";"12969,74";"9099,77"
"Blumenau";"4202404";"2025";"Membros Superiores Do Poder Público, Dirigentes De Organizações De Interesse Público E De Empresas, Gerentes";"Gerentes de obras em empresa de construção";"Gerente De Produção E Operações Da Construção Civil E Obras Públicas";"141305";"43";"0,0278";"5940,85";"5870,3"
"Blumenau";"4202404";"2025";"Trabalhadores Da Produção De Bens E Serviços Industriais";"Operadores de equipamentos de acabamento de chapas e metais";"Operador De Jato Abrasivo";"821435";"43";"0,0278";"4138,09";"4006,79"
"Blumenau";"4202404";"2025";"Profissionais Das Ciências E Das Artes";"Profissionais de publicidade";"Redator De Publicidade";"253110";"43";"0,0278";"3281,35";"2933,18"
"Blumenau";"4202404";"2025";"(nao classificado)";"";"(sem descricao no dicionario)";"142360";"43";"0,0278";"5452,21";"5083,27"
"Blumenau";"4202404";"2025";"Trabalhadores De Serviços Administrativos";"Agentes, assistentes e auxiliares administrativos";"Auxiliar De Cartório";"411025";"43";"0,0278";"3006,71";"2361,35"
"Blumenau";"4202404";"2025";"Profissionais Das Ciências E Das Artes";"Farmacêuticos";"Farmacêutico Em Saúde Pública";"223430";"42";"0,0272";"8401,97";"7555,41"
"Blumenau";"4202404";"2025";"Membros Superiores Do Poder Público, Dirigentes De Organizações De Interesse Público E De Empresas, Gerentes";"Gerentes de operações de serviços em empresa de turismo, de alojamento e alimentação";"Gerente De Bar";"141515";"42";"0,0272";"3961,28";"3333,33"
"Blumenau";"4202404";"2025";"Técnicos De Nivel Médio";"Técnicos em transportes rodoviários";"Chefe De Serviço De Transporte Rodoviário (Passageiros E Cargas)";"342305";"42";"0,0272";"4976,3";"4080,95"
"Blumenau";"4202404";"2025";"Trabalhadores Dos Serviços, Vendedores Do Comércio Em Lojas E Mercados";"Trabalhadores dos serviços funerários";"Agente Funerário";"516505";"42";"0,0272";"4024,23";"4078,2"
"Blumenau";"4202404";"2025";"Trabalhadores Dos Serviços, Vendedores Do Comércio Em Lojas E Mercados";"Lavadores e passadores de roupa, a mão";"Passador De Roupas, À Mão";"516415";"42";"0,0272";"2415,03";"2419,33"
"Blumenau";"4202404";"2025";"Técnicos De Nivel Médio";"Técnicos de seguros e afins";"Inspetor De Sinistros";"351730";"42";"0,0272";"4578,97";"4186,92"
"Blumenau";"4202404";"2025";"Trabalhadores Da Produção De Bens E Serviços Industriais";"Trabalhadores da transformação de vidros planos";"Lapidador De Vidros E Cristais";"752230";"42";"0,0272";"3591,66";"3419,48"
"Blumenau";"4202404";"2025";"Profissionais Das Ciências E Das Artes";"Administradores de tecnologia da informação";"Administrador De Banco De Dados";"212305";"42";"0,0272";"9481,67";"7506,93"
"Blumenau";"4202404";"2025";"Trabalhadores Da Produção De Bens E Serviços Industriais";"Motoristas de veículos de pequeno e médio porte";"Condutor De Ambulância";"782320";"41";"0,0265";"2567,2";"2470,71"
"Blumenau";"4202404";"2025";"Trabalhadores De Serviços Administrativos";"Supervisores de serviços financeiros, de câmbio e de controle";"Supervisor De Orçamento";"410230";"41";"0,0265";"5434,85";"3898,72"
"Blumenau";"4202404";"2025";"Trabalhadores Em Serviços De Reparação E Manutenção";"Supervisores de manutenção eletroeletrônica industrial, comercial e predial";"Supervisor De Manutenção Eletromecânica Industrial, Comercial E Predial";"950110";"41";"0,0265";"6436,31";"5296,55"
"Blumenau";"4202404";"2025";"Trabalhadores Em Serviços De Reparação E Manutenção";"Instaladores e mantenedores de sistemas eletroeletrônicos de segurança";"Monitor De Sistemas Eletrônicos De Segurança Interno";"951315";"41";"0,0265";"2558,55";"2427,46"
"Blumenau";"4202404";"2025";"Técnicos De Nivel Médio";"Planejadores, programadores e controladores de produção e manutenção";"Técnico De Matéria-Prima E Material";"391135";"41";"0,0265";"3908,0";"3648,03"
"Blumenau";"4202404";"2025";"Membros Superiores Do Poder Público, Dirigentes De Organizações De Interesse Público E De Empresas, Gerentes";"Gerentes de comercialização, marketing e comunicação";"Analista De E-Commerce";"142355";"41";"0,0265";"3890,88";"3230,6"
"Blumenau";"4202404";"2025";"Técnicos De Nivel Médio";"Técnicos em contabilidade";"Consultor Contábil (Técnico)";"351115";"41";"0,0265";"5891,27";"5266,18"
"Blumenau";"4202404";"2025";"Trabalhadores Em Serviços De Reparação E Manutenção";"Reparadores de carrocerias de veículos";"Pintor De Veículos (Reparação)";"991315";"41";"0,0265";"3427,53";"3370,72"
"Blumenau";"4202404";"2025";"Trabalhadores Da Produção De Bens E Serviços Industriais";"Operadores de equipamentos de movimentação de cargas";"Guincheiro (Construção Civil)";"782205";"41";"0,0265";"3139,29";"2716,67"
"Blumenau";"4202404";"2025";"Técnicos De Nivel Médio";"Corretores de imóveis e de grãos";"Corretor De Imóveis";"354605";"40";"0,0259";"3142,46";"2591,93"
"Blumenau";"4202404";"2025";"Trabalhadores De Serviços Administrativos";"Agentes, assistentes e auxiliares administrativos";"Auxiliar De Serviços De Importação E Exportação";"411045";"40";"0,0259";"2974,26";"2604,19"
"Blumenau";"4202404";"2025";"Trabalhadores Da Produção De Bens E Serviços Industriais";"Trabalhadores de montagem de estruturas de madeira, metal e compósitos em obras civis";"Montador De Andaimes (Edificações)";"715545";"40";"0,0259";"3602,47";"3577,31"
"Blumenau";"4202404";"2025";"Trabalhadores Da Produção De Bens E Serviços Industriais";"Aplicadores de materiais isolantes";"Aplicador De Asfalto Impermeabilizante (Coberturas)";"715705";"40";"0,0259";"3529,92";"3306,98"
"Blumenau";"4202404";"2025";"Trabalhadores Da Produção De Bens E Serviços Industriais";"Operadores de instalações de captação, tratamento e distribuição de água";"Operador De Estação De Captação, Tratamento E Distribuição De Água";"862205";"40";"0,0259";"3703,99";"3694,0"
"Blumenau";"4202404";"2025";"Trabalhadores Da Produção De Bens E Serviços Industriais";"Operadores de equipamentos de acabamento de chapas e metais";"Encarregado De Acabamento De Chapas E Metais  (Têmpera)";"821405";"39";"0,0252";"5677,15";"5467,18"
"Blumenau";"4202404";"2025";"Membros Superiores Do Poder Público, Dirigentes De Organizações De Interesse Público E De Empresas, Gerentes";"Diretores administrativos e financeiros";"Diretor Administrativo";"123105";"39";"0,0252";"31295,33";"21672,16"
"Blumenau";"4202404";"2025";"Trabalhadores Dos Serviços, Vendedores Do Comércio Em Lojas E Mercados";"Trabalhadores de serviços veterinários, de higiene e estética de animais domésticos";"Auxiliar De Veterinário";"519305";"39";"0,0252";"2783,79";"2332,49"
"Blumenau";"4202404";"2025";"Membros Superiores Do Poder Público, Dirigentes De Organizações De Interesse Público E De Empresas, Gerentes";"Gerentes de recursos humanos e de relações do trabalho";"Gerente De Departamento Pessoal";"142210";"39";"0,0252";"7376,21";"6271,76"
"Blumenau";"4202404";"2025";"Trabalhadores Da Produção De Bens E Serviços Industriais";"Afiadores e polidores de metais";"Polidor De Metais";"721325";"39";"0,0252";"3157,63";"2871,04"
"Blumenau";"4202404";"2025";"Trabalhadores Da Produção De Bens E Serviços Industriais";"Supervisores na confecção do vestuário";"Encarregado De Corte Na Confecção Do Vestuário";"760305";"38";"0,0246";"4976,78";"4472,23"
"Blumenau";"4202404";"2025";"Trabalhadores Da Produção De Bens E Serviços Industriais";"Trabalhadores da pintura de equipamentos, veículos, estruturas metálicas e de compósitos";"Pintor A Pincel E Rolo (Exceto Obras E Estruturas Metálicas)";"723310";"38";"0,0246";"2437,38";"2269,18"
"Blumenau";"4202404";"2025";"Trabalhadores Da Produção De Bens E Serviços Industriais";"Supervisores de montagens e instalações eletroeletrônicas";"Supervisor De Montagem E Instalação Eletroeletrônica";"730105";"38";"0,0246";"7065,8";"6285,75"
"Blumenau";"4202404";"2025";"Trabalhadores Em Serviços De Reparação E Manutenção";"Supervisores em serviços de reparação e manutenção de máquinas e equipamentos industriais, comerciais e residenciais";"Encarregado De Manutenção Mecânica De Sistemas Operacionais";"910105";"38";"0,0246";"7496,69";"7375,23"
"Blumenau";"4202404";"2025";"Trabalhadores Em Serviços De Reparação E Manutenção";"Eletricistas eletrônicos de manutenção veicular (aérea, terrestre e naval)";"Eletricista De Instalações (Veículos Automotores E Máquinas Operatrizes, Exceto Aeronaves E Embarcações)";"953115";"37";"0,0239";"3855,65";"4009,22"
"Blumenau";"4202404";"2025";"Trabalhadores Da Produção De Bens E Serviços Industriais";"Montadores de equipamentos eletroeletrônicos";"Montador De Equipamentos Elétricos (Centrais Elétricas)";"731125";"37";"0,0239";"3632,73";"3221,15"
"Blumenau";"4202404";"2025";"Membros Superiores Do Poder Público, Dirigentes De Organizações De Interesse Público E De Empresas, Gerentes";"Gerentes de operações de serviços em empresa de transporte, de comunicação e de logística (armazenagem e distribuição)";"Gerente De Operações De Transportes";"141605";"37";"0,0239";"8228,25";"5681,24"
"Blumenau";"4202404";"2025";"Técnicos De Nivel Médio";"Técnicos de desenvolvimento de sistemas e aplicações";"Programador De Máquinas - Ferramenta Com Comando Numérico";"317115";"37";"0,0239";"6618,57";"6437,07"
"Blumenau";"4202404";"2025";"Trabalhadores Da Produção De Bens E Serviços Industriais";"Operadores de equipamentos de acabamento de chapas e metais";"Escarfador";"821410";"37";"0,0239";"3790,99";"3444,02"
"Blumenau";"4202404";"2025";"Profissionais Das Ciências E Das Artes";"Locutores, comentaristas e repórteres de mídias audiovisuais";"Locutor De Mídias Audiovisuais";"261715";"36";"0,0233";"2400,87";"1795,16"
"Blumenau";"4202404";"2025";"Trabalhadores Da Produção De Bens E Serviços Industriais";"Operadores de máquinas e equipamentos de elevação";"Operador De Guindaste Móvel";"782115";"36";"0,0233";"4722,08";"4893,89"
"Blumenau";"4202404";"2025";"Profissionais Das Ciências E Das Artes";"Profissionais de publicidade";"Diretor De Arte (Publicidade)";"253125";"36";"0,0233";"4315,35";"3914,55"
"Blumenau";"4202404";"2025";"Profissionais Das Ciências E Das Artes";"Engenheiros de produção, qualidade, segurança e afins";"Engenheiro De Produção";"214905";"36";"0,0233";"7127,15";"5170,44"
"Blumenau";"4202404";"2025";"Profissionais Das Ciências E Das Artes";"Profissionais de publicidade";"Publicitário";"253115";"36";"0,0233";"4078,9";"2752,92"
"Blumenau";"4202404";"2025";"Técnicos De Nivel Médio";"Desenhistas técnicos de produtos e serviços diversos";"Desenhista Técnico (Indústria Têxtil)";"318420";"36";"0,0233";"4671,51";"4651,05"
"Blumenau";"4202404";"2025";"Trabalhadores Da Produção De Bens E Serviços Industriais";"Trabalhadores do acabamento gráfico";"Operador De Guilhotina (Corte De Papel)";"766320";"36";"0,0233";"4155,03";"4123,73"
"Blumenau";"4202404";"2025";"Trabalhadores Da Produção De Bens E Serviços Industriais";"Operadores de tear e máquinas similares";"Tecelão De Meias, A  Máquina";"761336";"36";"0,0233";"3027,09";"2950,2"
"Blumenau";"4202404";"2025";"Técnicos De Nivel Médio";"Agentes da saúde e do meio ambiente";"Agente De Defesa Ambiental";"352205";"36";"0,0233";"5466,73";"5330,22"
"Blumenau";"4202404";"2025";"Profissionais Das Ciências E Das Artes";"Arquitetos e urbanistas";"Arquiteto De Edificações";"214105";"36";"0,0233";"12535,79";"11901,54"
"Blumenau";"4202404";"2025";"Trabalhadores De Serviços Administrativos";"Escriturários de serviços bancários";"Caixa De Banco";"413210";"36";"0,0233";"4284,78";"4452,26"
"Blumenau";"4202404";"2025";"Profissionais Das Ciências E Das Artes";"Engenheiros de produção, qualidade, segurança e afins";"Engenheiro De Segurança Do Trabalho";"214915";"35";"0,0226";"11264,57";"11977,41"
"Blumenau";"4202404";"2025";"Profissionais Das Ciências E Das Artes";"Professores de ciências biológicas e da saúde do ensino superior";"Professor De Educação Física No Ensino Superior";"234410";"35";"0,0226";"8248,19";"4643,52"
"Blumenau";"4202404";"2025";"Membros Superiores Do Poder Público, Dirigentes De Organizações De Interesse Público E De Empresas, Gerentes";"Dirigentes do serviço público";"Dirigente Do Serviço Público Federal";"111405";"35";"0,0226";"4798,43";"4470,34"
"Blumenau";"4202404";"2025";"Profissionais Das Ciências E Das Artes";"Profissionais da educação física";"Técnico De Desporto Individual E Coletivo (Exceto Futebol)";"224125";"35";"0,0226";"2695,55";"2848,81"
"Blumenau";"4202404";"2025";"Trabalhadores Dos Serviços, Vendedores Do Comércio Em Lojas E Mercados";"Trabalhadores da coleta e seleção de material reciclável";"Selecionador De Material Reciclável";"519210";"34";"0,0220";"2354,44";"2273,19"
"Blumenau";"4202404";"2025";"Membros Superiores Do Poder Público, Dirigentes De Organizações De Interesse Público E De Empresas, Gerentes";"Diretores gerais";"Diretor Geral De Empresa E Organizações (Exceto De Interesse Público)";"121010";"34";"0,0220";"18957,28";"3677,56"
"Blumenau";"4202404";"2025";"Trabalhadores Da Produção De Bens E Serviços Industriais";"Operadores de máquinas de conformação de metais";"Prensista (Operador De Prensa)";"724515";"34";"0,0220";"2729,42";"2595,96"
"Blumenau";"4202404";"2025";"Técnicos De Nivel Médio";"Técnicos em administração";"Técnico Em Administração";"351305";"34";"0,0220";"4877,82";"4319,82"
"Blumenau";"4202404";"2025";"Profissionais Das Ciências E Das Artes";"Veterinários e zootecnistas";"Médico Veterinário";"223305";"34";"0,0220";"13453,0";"10097,83"
"Blumenau";"4202404";"2025";"Técnicos De Nivel Médio";"Técnicos de seguros e afins";"Assistente Comercial De Seguros";"351715";"34";"0,0220";"3437,63";"2755,55"
"Blumenau";"4202404";"2025";"Trabalhadores Dos Serviços, Vendedores Do Comércio Em Lojas E Mercados";"Supervisores dos serviços de proteção, segurança e outros";"Supervisor De Vigilantes";"510310";"34";"0,0220";"5416,22";"5271,51"
"Blumenau";"4202404";"2025";"Trabalhadores Da Produção De Bens E Serviços Industriais";"Operadores de instalações e máquinas de produtos plásticos, de borracha e moldadores de parafinas";"Trefilador De Borracha";"811775";"34";"0,0220";"3848,2";"3905,6"
"Blumenau";"4202404";"2025";"Trabalhadores Da Produção De Bens E Serviços Industriais";"Trabalhadores de soldagem e corte de ligas metálicas";"Oxicortador A Mão E A  Máquina";"724310";"33";"0,0213";"3940,5";"3730,63"
"Blumenau";"4202404";"2025";"Profissionais Das Ciências E Das Artes";"Profissionais da informação";"Bibliotecário";"261205";"33";"0,0213";"11462,04";"12397,6"
"Blumenau";"4202404";"2025";"Técnicos De Nivel Médio";"Planejadores, programadores e controladores de produção e manutenção";"Técnico De Planejamento E Programação Da Manutenção";"391130";"33";"0,0213";"6394,11";"5914,17"
"Blumenau";"4202404";"2025";"Trabalhadores Da Produção De Bens E Serviços Industriais";"Inspetores e revisores de produção têxtil";"Revisor De Tecidos Crus";"761820";"33";"0,0213";"2822,64";"2617,39"
"Blumenau";"4202404";"2025";"Técnicos De Nivel Médio";"Técnicos em eletricidade e eletrotécnica";"Eletrotécnico (Produção De Energia)";"313110";"33";"0,0213";"5129,8";"4786,85"
"Blumenau";"4202404";"2025";"Profissionais Das Ciências E Das Artes";"Profissionais de comercializacão e consultoria de serviços bancários";"Gerente De Clientes Especiais (Private)";"253210";"33";"0,0213";"16953,88";"13588,73"
"Blumenau";"4202404";"2025";"Técnicos De Nivel Médio";"Desenhistas técnicos, em geral";"Desenhista Detalhista";"318015";"33";"0,0213";"4987,02";"4735,84"
"Blumenau";"4202404";"2025";"Profissionais Das Ciências E Das Artes";"Professores de nível superior no ensino fundamental de quinta a oitava série";"Professor De Educação Física Do Ensino Fundamental";"231315";"33";"0,0213";"4106,72";"3986,74"
"Blumenau";"4202404";"2025";"Trabalhadores Da Produção De Bens E Serviços Industriais";"Trabalhadores na operação de máquinas de concreto usinado e afins";"Operador De Betoneira";"715405";"33";"0,0213";"4013,93";"3921,67"
"Blumenau";"4202404";"2025";"Membros Superiores Do Poder Público, Dirigentes De Organizações De Interesse Público E De Empresas, Gerentes";"Gerentes administrativos, financeiros, de riscos e afins";"Tecnólogo Em Gestão Administrativo- Financeira";"142120";"33";"0,0213";"7952,14";"7907,23"
"Blumenau";"4202404";"2025";"Técnicos De Nivel Médio";"Técnicos de seguros e afins";"Analista De Seguros (Técnico)";"351705";"33";"0,0213";"3691,74";"3376,22"
"Blumenau";"4202404";"2025";"Técnicos De Nivel Médio";"Desenhistas projetistas e modelistas de produtos e serviços diversos";"Projetista De Móveis";"318805";"32";"0,0207";"3334,65";"2942,97"
"Blumenau";"4202404";"2025";"Técnicos De Nivel Médio";"Técnicos de odontologia";"Auxiliar De Prótese Dentária";"322420";"32";"0,0207";"2844,58";"2496,68"
"Blumenau";"4202404";"2025";"Membros Superiores Do Poder Público, Dirigentes De Organizações De Interesse Público E De Empresas, Gerentes";"Gerentes de tecnologia da informação";"Gerente De Infraestrutura De Tecnologia Da Informação";"142505";"32";"0,0207";"15038,57";"14240,24"
"Blumenau";"4202404";"2025";"Trabalhadores Da Produção De Bens E Serviços Industriais";"Trabalhadores da extração de minerais líquidos e gasosos";"Sondador De Poços (Exceto De Petróleo E Gás)";"711320";"31";"0,0200";"3109,85";"2663,96"
"Blumenau";"4202404";"2025";"Profissionais Das Ciências E Das Artes";"Terapeutas ocupacionais, ortoptistas e psicomotricistas";"Terapeuta Ocupacional";"223905";"31";"0,0200";"6319,64";"5203,92"
"Blumenau";"4202404";"2025";"Trabalhadores De Serviços Administrativos";"Supervisores de atendimento ao público e de pesquisa";"Supervisor De Recepcionistas";"420125";"31";"0,0200";"4713,02";"4118,98"
"Blumenau";"4202404";"2025";"Membros Superiores Do Poder Público, Dirigentes De Organizações De Interesse Público E De Empresas, Gerentes";"Diretores administrativos e financeiros";"Diretor Administrativo E Financeiro";"123110";"31";"0,0200";"20233,82";"12303,05"
"Blumenau";"4202404";"2025";"Trabalhadores Dos Serviços, Vendedores Do Comércio Em Lojas E Mercados";"Trabalhadores de serviços veterinários, de higiene e estética de animais domésticos";"Banhista De Animais Domésticos";"519315";"31";"0,0200";"2238,72";"2117,24"
"Blumenau";"4202404";"2025";"Trabalhadores Da Produção De Bens E Serviços Industriais";"Trabalhadores da pintura de equipamentos, veículos, estruturas metálicas e de compósitos";"Pintor De Veículos (Fabricação)";"723320";"31";"0,0200";"3766,63";"2822,74"
"Blumenau";"4202404";"2025";"Trabalhadores Dos Serviços, Vendedores Do Comércio Em Lojas E Mercados";"Supervisores dos serviços de transporte, turismo, hotelaria e administração de edifícios";"Chefe De Bar";"510130";"31";"0,0200";"3260,25";"2919,65"
"Blumenau";"4202404";"2025";"Trabalhadores Da Produção De Bens E Serviços Industriais";"Trabalhadores de acabamento, tingimento e estamparia das indústrias têxteis";"Operador De Máquina De Lavar Fios E Tecidos";"761430";"31";"0,0200";"2834,07";"2682,96"
"Blumenau";"4202404";"2025";"Profissionais Das Ciências E Das Artes";"Professores de ciências econômicas, administrativas e contábeis do ensino superior";"Professor De Administração";"234810";"31";"0,0200";"9822,21";"5330,63"
"Blumenau";"4202404";"2025";"Trabalhadores Da Produção De Bens E Serviços Industriais";"Encanadores e instaladores de tubulações";"Instalador De Tubulações";"724115";"31";"0,0200";"4304,67";"4516,91"
"Blumenau";"4202404";"2025";"Trabalhadores Dos Serviços, Vendedores Do Comércio Em Lojas E Mercados";"Trabalhadores no atendimento em estabelecimentos de serviços de alimentação, bebidas e hotelaria";"Cumim";"513415";"31";"0,0200";"2191,71";"2264,89"
"Blumenau";"4202404";"2025";"Trabalhadores De Serviços Administrativos";"Despachantes documentalistas e afins";"Vistoriador Veicular";"423115";"31";"0,0200";"3024,55";"2683,94"
"Blumenau";"4202404";"2025";"Técnicos De Nivel Médio";"Técnicos em montagem, edição e finalização de mídia audiovisual";"Editor De Mídia Audiovisual";"374405";"30";"0,0194";"3070,38";"2848,67"
"Blumenau";"4202404";"2025";"Profissionais Das Ciências E Das Artes";"Profissionais de publicidade";"Diretor De Mídia (Publicidade)";"253120";"30";"0,0194";"4442,33";"4135,38"
"Blumenau";"4202404";"2025";"Trabalhadores Dos Serviços, Vendedores Do Comércio Em Lojas E Mercados";"Tintureiros, lavadeiros e afins, a máquina";"Passador De Roupas Em Geral";"516325";"30";"0,0194";"2339,44";"2289,49"
"Blumenau";"4202404";"2025";"Trabalhadores Da Produção De Bens E Serviços Industriais";"Supervisores em indústria de madeira, mobiliário e da carpintaria veicular";"Mestre (Indústria De Madeira E Mobiliário)";"770105";"30";"0,0194";"5635,73";"4810,84"
"Blumenau";"4202404";"2025";"Trabalhadores Em Serviços De Reparação E Manutenção";"Mecânicos de manutenção de veículos automotores";"Mecânico De Manutenção De Motocicletas";"914415";"30";"0,0194";"3137,02";"3055,47"
"Blumenau";"4202404";"2025";"Profissionais Das Ciências E Das Artes";"Profissionais da escrita";"Redator De Textos Técnicos";"261530";"30";"0,0194";"4513,85";"3802,51"
"Blumenau";"4202404";"2025";"Profissionais Das Ciências E Das Artes";"Instrutores de ensino profissional";"Professor Instrutor De Ensino E Aprendizagem Em Serviços";"233225";"30";"0,0194";"4969,24";"4127,33"
"Blumenau";"4202404";"2025";"Trabalhadores Da Produção De Bens E Serviços Industriais";"Operadores de máquinas de fabricar papel e papelão";"Operador De Máquina De Fabricar Papel E Papelão";"832125";"30";"0,0194";"4326,18";"4280,22"
"Blumenau";"4202404";"2025";"Trabalhadores De Serviços Administrativos";"Trabalhadores nos serviços de classificação e entregas de correspondências, encomendas e publicações";"Operador De Triagem E Transbordo";"415210";"29";"0,0188";"5643,91";"5044,98"
"Blumenau";"4202404";"2025";"Trabalhadores Da Produção De Bens E Serviços Industriais";"Supervisores de produção em indústrias de transformação de plásticos e borrachas";"Mestre (Indústria De Borracha E Plástico)";"810205";"29";"0,0188";"4842,58";"4708,87"
"Blumenau";"4202404";"2025";"Trabalhadores Da Produção De Bens E Serviços Industriais";"Trabalhadores do acabamento gráfico";"Preparador De Matrizes De Corte E Vinco";"766325";"29";"0,0188";"5351,62";"5308,1"
"Blumenau";"4202404";"2025";"Profissionais Das Ciências E Das Artes";"Profissionais do jornalismo";"Editor";"261120";"29";"0,0188";"2982,85";"2396,41"
"Blumenau";"4202404";"2025";"Profissionais Das Ciências E Das Artes";"Professores de ciências biológicas e da saúde do ensino superior";"Professor De Ciências Biológicas Do Ensino Superior";"234405";"29";"0,0188";"14302,92";"17071,74"
"Blumenau";"4202404";"2025";"Técnicos De Nivel Médio";"Técnicos em eletricidade e eletrotécnica";"Técnico De Manutenção Elétrica De Máquina";"313125";"29";"0,0188";"5869,01";"5758,76"
"Blumenau";"4202404";"2025";"Profissionais Das Ciências E Das Artes";"Engenheiros de produção, qualidade, segurança e afins";"Tecnólogo Em Produção Industrial";"214930";"28";"0,0181";"6134,72";"5686,6"
"Blumenau";"4202404";"2025";"Trabalhadores Em Serviços De Reparação E Manutenção";"Trabalhadores elementares de serviços de manutenção veicular";"Alinhador De Pneus";"992105";"28";"0,0181";"3669,72";"3341,21"
"Blumenau";"4202404";"2025";"Profissionais Das Ciências E Das Artes";"Enfermeiros e afins";"Enfermeiro Auditor";"223510";"28";"0,0181";"5759,26";"5697,04"
"Blumenau";"4202404";"2025";"Técnicos De Nivel Médio";"Técnico em farmácia e em manipulação farmacêutica";"Auxiliar Técnico Em Laboratório De Farmácia";"325105";"28";"0,0181";"2297,37";"2198,71"
"Blumenau";"4202404";"2025";"Profissionais Das Ciências E Das Artes";"Advogados";"Advogado De Empresa";"241010";"28";"0,0181";"9947,15";"6555,73"
"Blumenau";"4202404";"2025";"Trabalhadores Da Produção De Bens E Serviços Industriais";"Operadores de equipamentos na fabricação de pães, massas alimentícias, doces, chocolates e achocolatados";"Operador De Forno (Fabricação De Pães, Biscoitos E Similares)";"841805";"28";"0,0181";"2911,31";"2781,42"
"Blumenau";"4202404";"2025";"Trabalhadores Dos Serviços, Vendedores Do Comércio Em Lojas E Mercados";"Auxiliares de laboratório da saúde";"Auxiliar De Farmácia De Manipulação";"515210";"28";"0,0181";"2473,25";"2200,0"
"Blumenau";"4202404";"2025";"Trabalhadores Da Produção De Bens E Serviços Industriais";"Operadores de instalações e máquinas de produtos plásticos, de borracha e moldadores de parafinas";"Moldador De Plástico Por Compressão";"811760";"28";"0,0181";"2970,79";"2561,02"
"Blumenau";"4202404";"2025";"Profissionais Das Ciências E Das Artes";"Procuradores e advogados públicos";"Procurador Do Município";"241225";"28";"0,0181";"28314,28";"25904,06"
"Blumenau";"4202404";"2025";"Profissionais Das Ciências E Das Artes";"Engenheiros de produção, qualidade, segurança e afins";"Engenheiro De Controle De Qualidade";"214910";"28";"0,0181";"10409,23";"9488,53"
"Blumenau";"4202404";"2025";"Trabalhadores Dos Serviços, Vendedores Do Comércio Em Lojas E Mercados";"Porteiros, vigias e afins";"Agente De Portaria";"517415";"28";"0,0181";"2607,56";"2315,2"
"Blumenau";"4202404";"2025";"Profissionais Das Ciências E Das Artes";"Economistas";"Economista Do Setor Público";"251225";"27";"0,0175";"5798,55";"4883,73"
"Blumenau";"4202404";"2025";"Trabalhadores Dos Serviços, Vendedores Do Comércio Em Lojas E Mercados";"Mordomos e governantas";"Governanta De Hotelaria";"513115";"27";"0,0175";"4079,21";"4119,89"
"Blumenau";"4202404";"2025";"Técnicos De Nivel Médio";"Técnicos em controle ambiental, utilidades e tratamento de efluentes";"Técnico De Controle De Meio Ambiente";"311505";"27";"0,0175";"4920,95";"4589,47"
"Blumenau";"4202404";"2025";"Trabalhadores Da Produção De Bens E Serviços Industriais";"Trabalhadores da impressão gráfica";"Impressor De Rotogravura";"766225";"27";"0,0175";"3245,29";"2695,9"
"Blumenau";"4202404";"2025";"Técnicos De Nivel Médio";"Técnicos de desenvolvimento de sistemas e aplicações";"Desenvolvedor Web (Técnico)";"317105";"27";"0,0175";"4397,16";"3960,0"
"Blumenau";"4202404";"2025";"Técnicos De Nivel Médio";"Técnicos em produção, conservação  e de qualidade de alimentos";"Técnico De Alimentos";"325205";"27";"0,0175";"4995,48";"3988,38"
"Blumenau";"4202404";"2025";"Técnicos De Nivel Médio";"Desenhistas técnicos de produtos e serviços diversos";"Desenhista Técnico (Ilustrações Artísticas)";"318410";"27";"0,0175";"3585,18";"3327,38"
"Blumenau";"4202404";"2025";"Profissionais Das Ciências E Das Artes";"Administradores de tecnologia da informação";"Administrador De Sistemas Operacionais";"212315";"27";"0,0175";"9423,44";"8614,81"
"Blumenau";"4202404";"2025";"Trabalhadores Da Produção De Bens E Serviços Industriais";"Operadores de instalações e máquinas de produtos plásticos, de borracha e moldadores de parafinas";"Laminador De Plástico";"811745";"26";"0,0168";"2403,72";"2154,24"
"Blumenau";"4202404";"2025";"Técnicos De Nivel Médio";"Desenhistas técnicos de produtos e serviços diversos";"Desenhista Técnico (Artes Gráficas)";"318405";"26";"0,0168";"3736,6";"3047,41"
"Blumenau";"4202404";"2025";"Técnicos De Nivel Médio";"Técnicos mecânicos na fabricação e montagem de máquinas, sistemas e instrumentos";"Técnico Mecânico (Calefação, Ventilação E Refrigeração)";"314115";"26";"0,0168";"3019,46";"2282,41"
"Blumenau";"4202404";"2025";"Trabalhadores Dos Serviços, Vendedores Do Comércio Em Lojas E Mercados";"Supervisores dos serviços de transporte, turismo, hotelaria e administração de edifícios";"Supervisor De Transportes";"510105";"26";"0,0168";"5354,76";"4674,77"
"Blumenau";"4202404";"2025";"Profissionais Das Ciências E Das Artes";"Editores";"Editor De Mídia Eletrônica";"261615";"26";"0,0168";"2562,14";"2244,8"
"Blumenau";"4202404";"2025";"Profissionais Das Ciências E Das Artes";"Profissionais da fiscalização de atividades urbanas";"Fiscal De Atividades Urbanas";"254505";"26";"0,0168";"7772,48";"7577,87"
"Blumenau";"4202404";"2025";"Profissionais Das Ciências E Das Artes";"Professores nas áreas de língua e literatura do ensino superior";"Professor De Língua Portuguesa";"234624";"26";"0,0168";"6478,93";"4399,0"
"Blumenau";"4202404";"2025";"Profissionais Das Ciências E Das Artes";"Engenheiros em computação";"Engenheiros De Sistemas Operacionais Em Computação";"212215";"26";"0,0168";"12531,41";"12163,98"
"Blumenau";"4202404";"2025";"Trabalhadores Da Produção De Bens E Serviços Industriais";"Trabalhadores de fundição de metais puros e de ligas metálicas";"Operador De Acabamento De Peças Fundidas";"722215";"26";"0,0168";"4117,75";"4341,57"
"Blumenau";"4202404";"2025";"Trabalhadores Da Produção De Bens E Serviços Industriais";"Trabalhadores da pré-impressão gráfica";"Programador Visual Gráfico";"766155";"26";"0,0168";"5939,44";"5221,43"
"Blumenau";"4202404";"2025";"Técnicos De Nivel Médio";"Agentes da saúde e do meio ambiente";"Agente De Saúde Pública";"352210";"26";"0,0168";"8884,49";"8028,33"
"Blumenau";"4202404";"2025";"Trabalhadores Da Produção De Bens E Serviços Industriais";"Supervisores da fabricação e montagem metalmecânica";"Mestre (Indústria De Máquinas E Outros Equipamentos Mecânicos)";"720215";"26";"0,0168";"7100,36";"6044,88"
"Blumenau";"4202404";"2025";"Membros Superiores Do Poder Público, Dirigentes De Organizações De Interesse Público E De Empresas, Gerentes";"Gerentes de comercialização, marketing e comunicação";"Relações Públicas";"142325";"25";"0,0162";"6497,56";"3936,88"
"Blumenau";"4202404";"2025";"Trabalhadores Em Serviços De Reparação E Manutenção";"Instaladores e mantenedores de sistemas eletroeletrônicos de segurança";"Monitor De Sistemas Eletrônicos De Segurança Externo";"951320";"25";"0,0162";"4174,98";"3486,72"
"Blumenau";"4202404";"2025";"Técnicos De Nivel Médio";"Técnicos em administração";"Agente De Recrutamento E Seleção";"351315";"25";"0,0162";"3954,71";"3354,09"
"Blumenau";"4202404";"2025";"Trabalhadores Em Serviços De Reparação E Manutenção";"Instaladores e mantenedores eletromecânicos de elevadores, escadas e portas automáticas";"Eletromecânico De Manutenção De Elevadores";"954105";"25";"0,0162";"3701,83";"3391,83"
"Blumenau";"4202404";"2025";"Profissionais Das Ciências E Das Artes";"Psicólogos e psicanalistas";"Psicólogo Educacional";"251505";"25";"0,0162";"4265,84";"3809,63"
"Blumenau";"4202404";"2025";"Trabalhadores Da Produção De Bens E Serviços Industriais";"Laboratoristas industriais auxiliares";"Assistente De Laboratório Industrial";"818105";"25";"0,0162";"4606,03";"3317,47"
"Blumenau";"4202404";"2025";"Trabalhadores Agropecuários, Florestais E Da Pesca";"Tratadores polivalentes de animais";"Tratador De Animais";"623020";"25";"0,0162";"3198,5";"2571,88"
"Blumenau";"4202404";"2025";"Trabalhadores Em Serviços De Reparação E Manutenção";"Supervisores em serviços de reparação e manutenção veicular";"Supervisor Da Manutenção E Reparação De Veículos Leves";"910205";"24";"0,0155";"6174,41";"5756,1"
"Blumenau";"4202404";"2025";"Profissionais Das Ciências E Das Artes";"Professores de matemática, estatística e informática do ensino superior";"Professor De Computação (No Ensino Superior)";"234120";"24";"0,0155";"11928,86";"7985,65"
"Blumenau";"4202404";"2025";"Técnicos De Nivel Médio";"Técnicos em óptica e optometria";"Técnico Em Óptica E Optometria";"322305";"24";"0,0155";"4800,12";"4147,26"
"Blumenau";"4202404";"2025";"Trabalhadores Da Produção De Bens E Serviços Industriais";"Padeiros, confeiteiros e afins";"Masseiro (Massas Alimentícias)";"848315";"24";"0,0155";"2732,19";"2429,85"
"Blumenau";"4202404";"2025";"Trabalhadores De Serviços Administrativos";"Agentes, assistentes e auxiliares administrativos";"Agente De Microcrédito";"411050";"24";"0,0155";"3203,86";"2900,66"
"Blumenau";"4202404";"2025";"Profissionais Das Ciências E Das Artes";"Médicos clínicos";"Médico Do Trabalho";"225140";"24";"0,0155";"18266,7";"19994,94"
"Blumenau";"4202404";"2025";"Membros Superiores Do Poder Público, Dirigentes De Organizações De Interesse Público E De Empresas, Gerentes";"Gerentes de operações de serviços em instituição de intermediação financeira";"Gerente De Produtos Bancários";"141705";"24";"0,0155";"18302,41";"16053,64"
"Blumenau";"4202404";"2025";"Trabalhadores Em Serviços De Reparação E Manutenção";"Instaladores e mantenedores eletromecânicos de elevadores, escadas e portas automáticas";"Operador Eletromecânico";"954125";"24";"0,0155";"5403,51";"4640,45"
"Blumenau";"4202404";"2025";"Profissionais Das Ciências E Das Artes";"Engenheiros civis e afins";"Engenheiro Civil (Edificações)";"214215";"24";"0,0155";"12058,08";"11645,89"
"Blumenau";"4202404";"2025";"Profissionais Das Ciências E Das Artes";"Profissionais de planejamento, programação e controles logisticos";"Analista De Gestão De Estoque";"252725";"23";"0,0149";"4474,59";"4083,72"
"Blumenau";"4202404";"2025";"Trabalhadores Da Produção De Bens E Serviços Industriais";"Trabalhadores artesanais da confecção de peças e tecidos";"Bordador, A  Mão";"768205";"23";"0,0149";"2566,02";"2500,3"
"Blumenau";"4202404";"2025";"Trabalhadores Dos Serviços, Vendedores Do Comércio Em Lojas E Mercados";"Trabalhadores nos  serviços de manutenção de edificações";"Limpador De Piscinas";"514330";"23";"0,0149";"3097,67";"3102,15"
"Blumenau";"4202404";"2025";"Trabalhadores Dos Serviços, Vendedores Do Comércio Em Lojas E Mercados";"Vendedores ambulantes";"Vendedor Ambulante";"524305";"23";"0,0149";"2834,95";"2086,54"
"Blumenau";"4202404";"2025";"Trabalhadores Da Produção De Bens E Serviços Industriais";"Supervisores de produção em indústrias de produtos farmacêuticos, cosméticos e afins";"Mestre De Produção Farmacêutica";"810305";"23";"0,0149";"5035,49";"3944,67"
"Blumenau";"4202404";"2025";"Profissionais Das Ciências E Das Artes";"Professores de ciências biológicas e da saúde do ensino superior";"Professor De Odontologia";"234450";"23";"0,0149";"9349,6";"7591,3"
"Blumenau";"4202404";"2025";"Trabalhadores Da Produção De Bens E Serviços Industriais";"Trabalhadores na operação de máquinas de concreto usinado e afins";"Operador De Bomba De Concreto";"715410";"23";"0,0149";"5171,14";"4749,14"
"Blumenau";"4202404";"2025";"Trabalhadores Da Produção De Bens E Serviços Industriais";"Operadores de processos das indústrias de transformação de produtos químicos, petroquímicos e afins";"Operador De Extrusora (Química, Petroquímica E Afins)";"813115";"23";"0,0149";"4100,43";"4219,78"
"Blumenau";"4202404";"2025";"Profissionais Das Ciências E Das Artes";"Profissionais da informação";"Documentalista";"261210";"23";"0,0149";"6268,36";"4959,24"
"Blumenau";"4202404";"2025";"Trabalhadores Da Produção De Bens E Serviços Industriais";"Trabalhadores de caldeiraria e serralheria";"Chapeador";"724415";"23";"0,0149";"3775,83";"3443,63"
"Blumenau";"4202404";"2025";"Profissionais Das Ciências E Das Artes";"Programadores, avaliadores e orientadores de ensino";"Supervisor De Ensino";"239430";"23";"0,0149";"7705,46";"7701,57"
"Blumenau";"4202404";"2025";"Profissionais Das Ciências E Das Artes";"Professores de nível superior no ensino fundamental de quinta a oitava série";"Professor De Matemática Do Ensino Fundamental";"231340";"23";"0,0149";"5017,27";"4537,65"
"Blumenau";"4202404";"2025";"Profissionais Das Ciências E Das Artes";"Farmacêuticos";"Farmacêutico Analista Clínico";"223415";"23";"0,0149";"9098,41";"7027,65"
"Blumenau";"4202404";"2025";"Membros Superiores Do Poder Público, Dirigentes De Organizações De Interesse Público E De Empresas, Gerentes";"Diretores e gerentes de instituição de serviços educacionais";"Diretor De Instituição Educacional Da Área Privada";"131305";"23";"0,0149";"9487,11";"7345,28"
"Blumenau";"4202404";"2025";"Trabalhadores Da Produção De Bens E Serviços Industriais";"Marceneiros e afins";"Modelador De Madeira";"771110";"23";"0,0149";"3833,78";"4019,04"
"Blumenau";"4202404";"2025";"Técnicos De Nivel Médio";"Técnicos em geomática";"Topógrafo";"312320";"23";"0,0149";"3529,1";"3257,81"
"Blumenau";"4202404";"2025";"Membros Superiores Do Poder Público, Dirigentes De Organizações De Interesse Público E De Empresas, Gerentes";"Gerentes de suprimentos e afins";"Gerente De Suprimentos";"142410";"23";"0,0149";"14915,25";"11242,47"
"Blumenau";"4202404";"2025";"Profissionais Das Ciências E Das Artes";"Engenheiros em computação";"Engenheiro De Aplicativos Em Computação";"212205";"23";"0,0149";"11675,02";"11873,96"
"Blumenau";"4202404";"2025";"Trabalhadores Da Produção De Bens E Serviços Industriais";"Trabalhadores da pré-impressão gráfica";"Operador De Processo De Tratamento De Imagem";"766150";"22";"0,0142";"5430,0";"5356,64"
"Blumenau";"4202404";"2025";"Profissionais Das Ciências E Das Artes";"Profissionais do jornalismo";"Jornalista";"261125";"22";"0,0142";"8965,21";"6321,11"
"Blumenau";"4202404";"2025";"Trabalhadores Dos Serviços, Vendedores Do Comércio Em Lojas E Mercados";"Cozinheiros";"Cozinheiro De Hospital";"513220";"22";"0,0142";"3314,53";"2722,56"
"Blumenau";"4202404";"2025";"Trabalhadores De Serviços Administrativos";"Almoxarifes e armazenistas";"Balanceiro";"414115";"22";"0,0142";"3412,06";"3671,94"
"Blumenau";"4202404";"2025";"Membros Superiores Do Poder Público, Dirigentes De Organizações De Interesse Público E De Empresas, Gerentes";"Diretores de tecnologia da informação";"Diretor De Tecnologia Da Informação";"123605";"22";"0,0142";"34100,66";"35684,67"
"Blumenau";"4202404";"2025";"Trabalhadores Da Produção De Bens E Serviços Industriais";"Trabalhadores de fundição de metais puros e de ligas metálicas";"Operador De Vazamento";"722230";"22";"0,0142";"3534,06";"3407,9"
"Blumenau";"4202404";"2025";"Trabalhadores Da Produção De Bens E Serviços Industriais";"Operadores de máquinas na fabricação de produtos de papel e papelão";"Confeccionador De Bolsas, Sacos E Sacolas E Papel, A Máquina";"833110";"22";"0,0142";"2318,91";"2205,37"
"Blumenau";"4202404";"2025";"Trabalhadores Da Produção De Bens E Serviços Industriais";"Trabalhadores de moldagem de metais e de ligas metálicas";"Operador De Máquina De Moldar Automatizada";"722330";"22";"0,0142";"3114,33";"2826,32"
"Blumenau";"4202404";"2025";"Técnicos De Nivel Médio";"Técnicos de odontologia";"Protético Dentário";"322410";"21";"0,0136";"3296,35";"3039,14"
"Blumenau";"4202404";"2025";"Trabalhadores Da Produção De Bens E Serviços Industriais";"Trabalhadores da impressão gráfica";"Impressor De Rotativa";"766220";"21";"0,0136";"4207,15";"4274,92"
"Blumenau";"4202404";"2025";"Profissionais Das Ciências E Das Artes";"Profissionais de administração ecônomico-financeira";"Analista De Cobrança (Instituições Financeiras)";"252515";"21";"0,0136";"5586,3";"5274,26"
"Blumenau";"4202404";"2025";"Trabalhadores Em Serviços De Reparação E Manutenção";"Trabalhadores elementares de serviços de manutenção veicular";"Balanceador";"992110";"21";"0,0136";"3093,5";"2226,11"
"Blumenau";"4202404";"2025";"Trabalhadores Da Produção De Bens E Serviços Industriais";"Trabalhadores de extração de minerais sólidos (operadores de máquinas)";"Operador De Máquina Cortadora (Minas E Pedreiras)";"711215";"21";"0,0136";"4765,71";"4098,68"
"Blumenau";"4202404";"2025";"Técnicos De Nivel Médio";"Desenhistas técnicos da construção civil e arquitetura";"Desenhista Técnico (Arquitetura)";"318105";"21";"0,0136";"3705,31";"3769,91"
"Blumenau";"4202404";"2025";"Trabalhadores Da Produção De Bens E Serviços Industriais";"Operadores de máquinas para bordado e acabamento de roupas";"Passadeira De Peças Confeccionadas";"763325";"21";"0,0136";"2176,44";"1982,61"
"Blumenau";"4202404";"2025";"Trabalhadores Da Produção De Bens E Serviços Industriais";"Operadores de instalações e equipamentos de fabricação de materiais de construção";"Trabalhador Da Elaboração De Pré-Fabricados (Cimento Amianto)";"823320";"21";"0,0136";"3130,66";"2966,19"
"Blumenau";"4202404";"2025";"Profissionais Das Ciências E Das Artes";"Professores de ciências biológicas e da saúde do ensino superior";"Professor De Farmácia E Bioquímica";"234420";"21";"0,0136";"12815,27";"10288,8"
"Blumenau";"4202404";"2025";"Trabalhadores De Serviços Administrativos";"Supervisores de serviços financeiros, de câmbio e de controle";"Supervisor De Contas A Pagar";"410215";"21";"0,0136";"5837,25";"5243,3"
"Blumenau";"4202404";"2025";"Trabalhadores Da Produção De Bens E Serviços Industriais";"Operadores de máquinas de usinagem de madeira cnc";"Operador De Máquinas De Usinar Madeira (Cnc)";"773510";"20";"0,0129";"3083,71";"3166,5"
"Blumenau";"4202404";"2025";"Profissionais Das Ciências E Das Artes";"Engenheiros mecânicos e afins";"Engenheiro Mecânico";"214405";"20";"0,0129";"10475,97";"10251,82"
"Blumenau";"4202404";"2025";"Trabalhadores De Serviços Administrativos";"Supervisores de serviços financeiros, de câmbio e de controle";"Supervisor De Controle Patrimonial";"410220";"20";"0,0129";"6400,72";"5807,52"
"Blumenau";"4202404";"2025";"Trabalhadores Da Produção De Bens E Serviços Industriais";"Aplicadores de materiais isolantes";"Instalador De Isolantes Acústicos";"715710";"20";"0,0129";"1947,32";"1952,33"
"Blumenau";"4202404";"2025";"Trabalhadores De Serviços Administrativos";"Agentes, assistentes e auxiliares administrativos";"Auxiliar De Judiciário";"411020";"20";"0,0129";"2355,83";"2242,82"
"Blumenau";"4202404";"2025";"Técnicos De Nivel Médio";"Técnicos em áudio";"Técnico Em Instalação De Equipamentos De Áudio";"374110";"20";"0,0129";"3496,21";"3130,56"
"Blumenau";"4202404";"2025";"Trabalhadores Da Produção De Bens E Serviços Industriais";"Trabalhadores na fabricação e conservação de alimentos";"Operador De Câmaras Frias";"841456";"20";"0,0129";"2341,98";"2282,35"
"Blumenau";"4202404";"2025";"Técnicos De Nivel Médio";"Desenhistas projetistas da eletrônica";"Desenhista Projetista Eletrônico";"318710";"20";"0,0129";"4439,13";"3926,97"
"Blumenau";"4202404";"2025";"Técnicos De Nivel Médio";"Técnicos de seguros e afins";"Analista De Sinistros";"351710";"20";"0,0129";"3751,29";"2789,22"
"Blumenau";"4202404";"2025";"Trabalhadores Da Produção De Bens E Serviços Industriais";"Inspetores e revisores de produção têxtil";"Revisor De Fios (Produção Têxtil)";"761810";"20";"0,0129";"2145,95";"1977,44"
"Blumenau";"4202404";"2025";"Profissionais Das Ciências E Das Artes";"Engenheiros eletricistas, eletrônicos e afins";"Engenheiro Eletricista";"214305";"20";"0,0129";"16932,45";"15433,93"
"Blumenau";"4202404";"2025";"Profissionais Das Ciências E Das Artes";"Profissionais da informação";"Analista De Informações (Pesquisador De Informações De Rede)";"261215";"20";"0,0129";"4045,32";"3852,78"
"Blumenau";"4202404";"2025";"Técnicos De Nivel Médio";"Desenhistas técnicos, em geral";"Desenhista Copista";"318010";"20";"0,0129";"2444,84";"2040,68"
"Blumenau";"4202404";"2025";"Profissionais Das Ciências E Das Artes";"Profissionais de comercializacão e consultoria de serviços bancários";"Gerente De Grandes Contas (Corporate)";"253220";"20";"0,0129";"17793,1";"15533,2"
"Blumenau";"4202404";"2025";"Profissionais Das Ciências E Das Artes";"Engenheiros eletricistas, eletrônicos e afins";"Engenheiro Eletrônico";"214310";"19";"0,0123";"14674,62";"14151,39"
"Blumenau";"4202404";"2025";"Trabalhadores Agropecuários, Florestais E Da Pesca";"Trabalhadores agropecuários em geral";"Trabalhador Agropecuário Em Geral";"621005";"19";"0,0123";"5091,17";"5869,83"
"Blumenau";"4202404";"2025";"Profissionais Das Ciências E Das Artes";"Fiscais de tributos estaduais e municipais";"Fiscal De Tributos Municipal";"254410";"19";"0,0123";"20447,97";"20005,22"
"Blumenau";"4202404";"2025";"Trabalhadores Da Produção De Bens E Serviços Industriais";"Operadores de tear e máquinas similares";"Tecelão De Malhas (Máquina Retilínea)";"761333";"19";"0,0123";"3538,49";"3396,29"
"Blumenau";"4202404";"2025";"Trabalhadores Da Produção De Bens E Serviços Industriais";"Condutores de processos robotizados";"Condutor De Processos Robotizados De Soldagem";"781110";"19";"0,0123";"2577,3";"2508,95"
"Blumenau";"4202404";"2025";"Técnicos De Nivel Médio";"Coloristas";"Preparador De Tintas (Fábrica De Tecidos)";"311720";"19";"0,0123";"3756,64";"3766,09"
"Blumenau";"4202404";"2025";"Trabalhadores Dos Serviços, Vendedores Do Comércio Em Lojas E Mercados";"Churrasqueiros, pizzaiolos e sushimen";"Churrasqueiro";"513605";"19";"0,0123";"2785,65";"2529,29"
"Blumenau";"4202404";"2025";"Trabalhadores Da Produção De Bens E Serviços Industriais";"Ajustadores mecânicos polivalentes e afins";"Ajustador Mecânico Em Bancada";"725020";"19";"0,0123";"6436,06";"6103,78"
"Blumenau";"4202404";"2025";"Técnicos De Nivel Médio";"Especialistas em logística de transportes";"Operador De Transporte Multimodal";"342110";"19";"0,0123";"2886,68";"2395,18"
"Blumenau";"4202404";"2025";"Técnicos De Nivel Médio";"Técnicos de seguros e afins";"Assistente Técnico De Seguros";"351720";"19";"0,0123";"3879,59";"2762,67"
"Blumenau";"4202404";"2025";"Trabalhadores Da Produção De Bens E Serviços Industriais";"Trabalhadores de beneficiamento de pedras ornamentais";"Cortador De Pedras";"712205";"19";"0,0123";"3562,99";"3435,45"
"Blumenau";"4202404";"2025";"Técnicos De Nivel Médio";"Técnico em farmácia e em manipulação farmacêutica";"Técnico Em Laboratório De Farmácia";"325110";"19";"0,0123";"3345,38";"2480,0"
"Blumenau";"4202404";"2025";"Técnicos De Nivel Médio";"Técnicos em fabricação de produtos plásticos e de borracha";"Técnico Em Plástico";"311410";"19";"0,0123";"5254,35";"5894,28"
"Blumenau";"4202404";"2025";"Técnicos De Nivel Médio";"Técnicos de operação de registros sonoro/audiovisuais";"Operador De Mídia Audiovisual";"373105";"19";"0,0123";"2070,07";"1921,34"
"Blumenau";"4202404";"2025";"Trabalhadores Da Produção De Bens E Serviços Industriais";"Operadores de usinagem convencional de madeira";"Operador De Máquina De Usinagem Madeira, Em Geral";"773325";"19";"0,0123";"2910,16";"2808,63"
"Blumenau";"4202404";"2025";"Trabalhadores Da Produção De Bens E Serviços Industriais";"Trabalhadores da pré-impressão gráfica";"Gravador De Matriz Para Flexografia (Clicherista)";"766115";"19";"0,0123";"2742,9";"2478,83"
"Blumenau";"4202404";"2025";"Trabalhadores Dos Serviços, Vendedores Do Comércio Em Lojas E Mercados";"Tintureiros, lavadeiros e afins, a máquina";"Lavadeiro, Em Geral";"516305";"19";"0,0123";"3195,64";"2827,06"
"Blumenau";"4202404";"2025";"Profissionais Das Ciências E Das Artes";"Pesquisadores de engenharia e tecnologia";"Pesquisador De Engenharia Elétrica E Eletrônica";"203215";"18";"0,0116";"13143,57";"11823,68"
"Blumenau";"4202404";"2025";"Profissionais Das Ciências E Das Artes";"Filólogos,tradutores ,intérpretes e afins";"Intérprete De Língua De Sinais";"261425";"18";"0,0116";"5317,65";"3736,1"
"Blumenau";"4202404";"2025";"Trabalhadores Em Serviços De Reparação E Manutenção";"Supervisores de manutenção eletromecânica";"Supervisor De Manutenção Eletromecânica";"950305";"18";"0,0116";"10009,89";"8984,85"
"Blumenau";"4202404";"2025";"Trabalhadores Da Produção De Bens E Serviços Industriais";"Sopradores, moldadores e modeladores de vidros e afins";"Soprador De Vidro";"752115";"18";"0,0116";"3989,61";"4238,11"
"Blumenau";"4202404";"2025";"Trabalhadores Da Produção De Bens E Serviços Industriais";"Trabalhadores da pré-impressão gráfica";"Gravador De Matriz Serigráfica";"766140";"18";"0,0116";"3418,1";"3153,98"
"Blumenau";"4202404";"2025";"Trabalhadores Da Produção De Bens E Serviços Industriais";"Instaladores e reparadores de linhas e cabos elétricos, telefônicos e de comunicação de dados";"Instalador De Sistemas Fotovoltaicos";"732140";"18";"0,0116";"3643,6";"2815,68"
"Blumenau";"4202404";"2025";"Trabalhadores Da Produção De Bens E Serviços Industriais";"Operadores da fiação";"Operador De Conicaleira";"761225";"18";"0,0116";"2854,58";"2933,27"
"Blumenau";"4202404";"2025";"Profissionais Das Ciências E Das Artes";"Professores de ciências humanas do ensino superior";"Professor De Psicologia Do Ensino Superior";"234760";"18";"0,0116";"9765,55";"7391,17"
"Blumenau";"4202404";"2025";"Técnicos De Nivel Médio";"Designers de interiores, de vitrines e visual merchandiser e afins (nível médio)";"Produtor De Moda";"375125";"18";"0,0116";"4095,07";"3881,86"
"Blumenau";"4202404";"2025";"Técnicos De Nivel Médio";"Leiloeiros e avaliadores";"Avaliador De Imóveis";"354410";"18";"0,0116";"2403,21";"2356,79"
"Blumenau";"4202404";"2025";"Trabalhadores Em Serviços De Reparação E Manutenção";"Técnicos em manutenção e reparação de equipamentos biomédicos";"Técnico Em Manutenção De Equipamentos E Instrumentos Médico-Hospitalares";"915305";"18";"0,0116";"6316,41";"6320,17"
"Blumenau";"4202404";"2025";"Profissionais Das Ciências E Das Artes";"Professores de ciências humanas do ensino superior";"Professor De Comunicação Social Do Ensino Superior";"234725";"18";"0,0116";"12811,49";"14786,47"
"Blumenau";"4202404";"2025";"Membros Superiores Do Poder Público, Dirigentes De Organizações De Interesse Público E De Empresas, Gerentes";"Gerentes de comercialização, marketing e comunicação";"Gerente De Comunicação";"142310";"18";"0,0116";"10093,87";"9174,11"
"Blumenau";"4202404";"2025";"Trabalhadores Dos Serviços, Vendedores Do Comércio Em Lojas E Mercados";"Outros trabalhadores dos serviços";"Controlador De Pragas";"519910";"17";"0,0110";"3002,61";"2819,31"
"Blumenau";"4202404";"2025";"Trabalhadores De Serviços Administrativos";"Supervisores de atendimento ao público e de pesquisa";"Supervisor De Cobrança";"420110";"17";"0,0110";"6427,76";"4504,93"
"Blumenau";"4202404";"2025";"Técnicos De Nivel Médio";"Captadores de imagens em movimento";"Operador De Câmera De Televisão";"372115";"17";"0,0110";"2639,12";"2983,48"
"Blumenau";"4202404";"2025";"Profissionais Das Ciências E Das Artes";"Enfermeiros e afins";"Enfermeiro De Terapia Intensiva";"223525";"17";"0,0110";"7560,36";"7550,62"
"Blumenau";"4202404";"2025";"Profissionais Das Ciências E Das Artes";"Professores de arquitetura e urbanismo, engenharia, geofísica e geologia do ensino superior";"Professor De Arquitetura";"234305";"17";"0,0110";"12011,06";"9062,34"
"Blumenau";"4202404";"2025";"Trabalhadores De Serviços Administrativos";"Entrevistadores e recenseadores";"Escriturário  Em  Estatística";"424125";"17";"0,0110";"7977,67";"8569,53"
"Blumenau";"4202404";"2025";"Trabalhadores Da Produção De Bens E Serviços Industriais";"Trabalhadores de moldagem de metais e de ligas metálicas";"Macheiro, A Mão";"722305";"17";"0,0110";"4495,65";"4124,39"
"Blumenau";"4202404";"2025";"Técnicos De Nivel Médio";"Técnicos e auxiliares de enfermagem";"Técnico De Enfermagem Do Trabalho";"322215";"17";"0,0110";"4385,8";"3900,63"
"Blumenau";"4202404";"2025";"Técnicos De Nivel Médio";"Designers de interiores, de vitrines e visual merchandiser e afins (nível médio)";"Visual Merchandiser";"375115";"17";"0,0110";"3858,43";"3109,61"
"Blumenau";"4202404";"2025";"Profissionais Das Ciências E Das Artes";"Professores nas áreas de língua e literatura do ensino superior";"Professor De Línguas Estrangeiras Modernas";"234668";"17";"0,0110";"5377,32";"3808,36"
"Blumenau";"4202404";"2025";"Trabalhadores Da Produção De Bens E Serviços Industriais";"Trabalhadores de tecelagem manual, tricô, crochê, rendas e afins";"Tecelão (Tear Manual)";"768105";"17";"0,0110";"3166,89";"2872,03"
"Blumenau";"4202404";"2025";"Trabalhadores Da Produção De Bens E Serviços Industriais";"Trabalhadores de fundição de metais puros e de ligas metálicas";"Fundidor De Metais";"722205";"17";"0,0110";"3214,93";"3053,81"
"Blumenau";"4202404";"2025";"Trabalhadores Em Serviços De Reparação E Manutenção";"Trabalhadores de manutenção de roçadeiras, motoserras e similares";"Mecânico De Manutenção De Máquinas Cortadoras De Grama, Roçadeiras, Motosserras E Similares";"919205";"16";"0,0103";"4596,97";"4890,84"
"Blumenau";"4202404";"2025";"Trabalhadores Em Serviços De Reparação E Manutenção";"Lubrificadores";"Lubrificador Industrial";"919105";"16";"0,0103";"3065,09";"3162,83"
"Blumenau";"4202404";"2025";"Membros Superiores Do Poder Público, Dirigentes De Organizações De Interesse Público E De Empresas, Gerentes";"Diretores e gerentes de operações em empresa de serviços pessoais, sociais e culturais";"Gerente De Serviços Culturais";"131115";"16";"0,0103";"3943,14";"3873,39"
"Blumenau";"4202404";"2025";"Trabalhadores Da Produção De Bens E Serviços Industriais";"Operadores de tear e máquinas similares";"Operador De Engomadeira De Urdume";"761348";"16";"0,0103";"3308,23";"3288,24"
"Blumenau";"4202404";"2025";"Profissionais Das Ciências E Das Artes";"Professores de ciências econômicas, administrativas e contábeis do ensino superior";"Professor De Contabilidade";"234815";"16";"0,0103";"7492,35";"2960,45"
"Blumenau";"4202404";"2025";"Trabalhadores Da Produção De Bens E Serviços Industriais";"Trabalhadores da impressão gráfica";"Impressor Tipográfico";"766250";"16";"0,0103";"5258,77";"4012,56"
"Blumenau";"4202404";"2025";"Profissionais Das Ciências E Das Artes";"Engenheiros de controle e automação, engenheiros mecatrônicos e afins";"Engenheiro Mecatrônico";"202105";"16";"0,0103";"13761,06";"13936,5"
"Blumenau";"4202404";"2025";"Trabalhadores Da Produção De Bens E Serviços Industriais";"Trabalhadores polivalentes da confecção de artefatos de tecidos e couros";"Confeccionador De Artefatos De Couro (Exceto Sapatos)";"765005";"16";"0,0103";"2181,75";"2172,72"
"Blumenau";"4202404";"2025";"Profissionais Das Ciências E Das Artes";"Professores de ciências biológicas e da saúde do ensino superior";"Professor De Medicina Veterinária";"234440";"16";"0,0103";"11094,72";"9235,72"
"Blumenau";"4202404";"2025";"Profissionais Das Ciências E Das Artes";"Profissionais de planejamento, programação e controles logisticos";"Analista De Planejamento De Materias";"252710";"16";"0,0103";"8370,47";"7117,74"
"Blumenau";"4202404";"2025";"Profissionais Das Ciências E Das Artes";"Profissionais de administração ecônomico-financeira";"Administrador De Fundos E Carteiras De Investimento";"252505";"16";"0,0103";"7593,75";"7108,67"
"Blumenau";"4202404";"2025";"Trabalhadores Dos Serviços, Vendedores Do Comércio Em Lojas E Mercados";"Supervisores dos serviços de transporte, turismo, hotelaria e administração de edifícios";"Maître";"510135";"16";"0,0103";"3851,84";"3644,46"
"Blumenau";"4202404";"2025";"Trabalhadores Da Produção De Bens E Serviços Industriais";"Supervisores de usinagem, conformação e tratamento de metais";"Mestre De Usinagem";"720150";"16";"0,0103";"7289,51";"6845,53"
"Blumenau";"4202404";"2025";"Técnicos De Nivel Médio";"Técnicos de seguros e afins";"Técnico De Seguros";"351740";"16";"0,0103";"4058,87";"3885,71"
"Blumenau";"4202404";"2025";"Trabalhadores Da Produção De Bens E Serviços Industriais";"Operadores de máquinas na fabricação de produtos de papel e papelão";"Cartonageiro, A Máquina";"833105";"16";"0,0103";"3461,37";"3130,9"
"Blumenau";"4202404";"2025";"Técnicos De Nivel Médio";"Técnicos em transportes rodoviários";"Inspetor De Serviços De Transportes Rodoviários (Passageiros E Cargas)";"342310";"16";"0,0103";"4217,47";"4199,71"
"Blumenau";"4202404";"2025";"Trabalhadores Da Produção De Bens E Serviços Industriais";"Instaladores e reparadores de linhas e cabos elétricos, telefônicos e de comunicação de dados";"Instalador De Linhas Elétricas De Alta E Baixa - Tensão (Rede Aérea E Subterrânea)";"732120";"16";"0,0103";"4728,63";"4724,92"
"Blumenau";"4202404";"2025";"Membros Superiores Do Poder Público, Dirigentes De Organizações De Interesse Público E De Empresas, Gerentes";"Gestores e especialistas de operações em empresas, secretarias e unidades de serviços de saúde";"Tecnólogo Em Gestão Hospitalar";"131215";"15";"0,0097";"8864,48";"7868,44"
"Blumenau";"4202404";"2025";"Trabalhadores Da Produção De Bens E Serviços Industriais";"Aplicadores de materiais isolantes";"Instalador De Isolantes Térmicos (Refrigeração E Climatização)";"715715";"15";"0,0097";"2864,07";"2389,14"
"Blumenau";"4202404";"2025";"Trabalhadores Dos Serviços, Vendedores Do Comércio Em Lojas E Mercados";"Trabalhadores de serviços veterinários, de higiene e estética de animais domésticos";"Tosador De Animais Domésticos";"519320";"15";"0,0097";"2884,04";"2200,7"
"Blumenau";"4202404";"2025";"Técnicos De Nivel Médio";"Técnicos em serviços de turismo e organização de eventos";"Organizador De Evento";"354820";"15";"0,0097";"3142,12";"3379,22"
"Blumenau";"4202404";"2025";"Técnicos De Nivel Médio";"Técnicos em contabilidade";"Chefe De Contabilidade (Técnico)";"351110";"15";"0,0097";"8441,84";"7670,98"
"Blumenau";"4202404";"2025";"Trabalhadores Em Serviços De Reparação E Manutenção";"Mecânicos de manutenção de bicicletas e equipamentos esportivos e de ginástica";"Mecânico De Manutenção De Bicicletas E Veículos Similares";"919310";"15";"0,0097";"3122,87";"3196,82"
"Blumenau";"4202404";"2025";"Técnicos De Nivel Médio";"Desenhistas técnicos da mecânica";"Desenhista Técnico Mecânico";"318205";"15";"0,0097";"4413,49";"4073,82"
"Blumenau";"4202404";"2025";"Membros Superiores Do Poder Público, Dirigentes De Organizações De Interesse Público E De Empresas, Gerentes";"Gestores públicos";"Analista De Planejamento E Orçamento - Apo";"111510";"15";"0,0097";"5461,2";"5420,37"
"Blumenau";"4202404";"2025";"Trabalhadores Em Serviços De Reparação E Manutenção";"Reparadores de carrocerias de veículos";"Montador De Veículos (Reparação)";"991310";"15";"0,0097";"3626,85";"3540,82"
"Blumenau";"4202404";"2025";"Trabalhadores Agropecuários, Florestais E Da Pesca";"Trabalhadores de apoio à agricultura";"Caseiro (Agricultura)";"622005";"15";"0,0097";"3340,51";"2828,51"
"Blumenau";"4202404";"2025";"Profissionais Das Ciências E Das Artes";"Profissionais da educação física";"Profissional De Educação Física Na Saúde";"224140";"15";"0,0097";"2602,62";"2361,49"
"Blumenau";"4202404";"2025";"Trabalhadores Da Produção De Bens E Serviços Industriais";"Magarefes e afins";"Desossador";"848515";"15";"0,0097";"3848,24";"3945,46"
"Blumenau";"4202404";"2025";"Profissionais Das Ciências E Das Artes";"Profissionais da educação física";"Avaliador Físico";"224105";"15";"0,0097";"2706,59";"2693,59"
"Blumenau";"4202404";"2025";"Membros Superiores Do Poder Público, Dirigentes De Organizações De Interesse Público E De Empresas, Gerentes";"Gerentes administrativos, financeiros, de riscos e afins";"Gerente De Riscos";"142110";"14";"0,0091";"14041,36";"15901,1"
"Blumenau";"4202404";"2025";"Membros Superiores Do Poder Público, Dirigentes De Organizações De Interesse Público E De Empresas, Gerentes";"Dirigentes e administradores de entidades patronais e dos trabalhadores e de outros interesses sócioeconômicos";"Dirigente De Entidade De Trabalhadores";"114205";"14";"0,0091";"4,97";"5,06"
"Blumenau";"4202404";"2025";"Trabalhadores Da Produção De Bens E Serviços Industriais";"Trabalhadores de traçagem e montagem de estruturas metálicas e de compósitos";"Preparador De Estruturas Metálicas";"724220";"14";"0,0091";"2239,51";"2216,07"
"Blumenau";"4202404";"2025";"Trabalhadores De Serviços Administrativos";"Caixas e bilheteiros (exceto caixa de banco)";"Bilheteiro De Transportes Coletivos";"421110";"14";"0,0091";"2155,64";"2151,66"
"Blumenau";"4202404";"2025";"Técnicos De Nivel Médio";"Técnicos em construção civil (obras de infraestrutura)";"Técnico De Saneamento";"312210";"14";"0,0091";"7438,83";"6422,78"
"Blumenau";"4202404";"2025";"Técnicos De Nivel Médio";"Técnicos em serviços de turismo e organização de eventos";"Técnico Em Turismo";"354805";"14";"0,0091";"7802,31";"5585,91"
"Blumenau";"4202404";"2025";"Membros Superiores Do Poder Público, Dirigentes De Organizações De Interesse Público E De Empresas, Gerentes";"Gerentes de comercialização, marketing e comunicação";"Ouvidor";"142340";"14";"0,0091";"6936,44";"6592,14"
"Blumenau";"4202404";"2025";"Trabalhadores Dos Serviços, Vendedores Do Comércio Em Lojas E Mercados";"Trabalhadores nos serviços de coleta de resíduos, de limpeza e conservação de áreas públicas";"Varredor De Rua";"514215";"14";"0,0091";"1782,04";"1861,77"
"Blumenau";"4202404";"2025";"Técnicos De Nivel Médio";"Tecnólogos e técnicos em métodos de diagnósticos e terapêutica";"Tecnólogo Em Radiologia";"324120";"14";"0,0091";"4539,32";"4234,39"
"Blumenau";"4202404";"2025";"Trabalhadores Dos Serviços, Vendedores Do Comércio Em Lojas E Mercados";"Trabalhadores em serviços de promoção e apoio à saúde";"Socorrista (Exceto Médicos E Enfermeiros)";"515135";"14";"0,0091";"2536,02";"2644,05"
"Blumenau";"4202404";"2025";"Técnicos De Nivel Médio";"Especialistas em logística de transportes";"Analista De Transporte Em Comércio Exterior";"342105";"14";"0,0091";"3867,05";"3188,12"
"Blumenau";"4202404";"2025";"Trabalhadores Dos Serviços, Vendedores Do Comércio Em Lojas E Mercados";"Trabalhadores dos serviços domésticos em geral";"Empregado  Doméstico  Nos Serviços Gerais";"512105";"14";"0,0091";"2842,13";"2676,62"
"Blumenau";"4202404";"2025";"Membros Superiores Do Poder Público, Dirigentes De Organizações De Interesse Público E De Empresas, Gerentes";"Gerentes de operações de serviços em empresa de turismo, de alojamento e alimentação";"Gerente De Hotel";"141505";"14";"0,0091";"7875,89";"5908,41"
"Blumenau";"4202404";"2025";"Técnicos De Nivel Médio";"Supervisores operacionais e técnicos em mídias audiovisuais";"Supervisor Técnico Operacional De Sistemas De Televisão E Produtoras De Vídeo";"373220";"14";"0,0091";"4725,39";"5052,55"
"Blumenau";"4202404";"2025";"Trabalhadores Da Produção De Bens E Serviços Industriais";"Operadores de máquinas de usinagem cnc";"Operador De Fresadora Com Comando Numérico";"721410";"14";"0,0091";"5069,74";"4282,96"
"Blumenau";"4202404";"2025";"Profissionais Das Ciências E Das Artes";"Professores de ciências biológicas e da saúde do ensino superior";"Professor De Fisioterapia";"234425";"14";"0,0091";"12951,35";"15432,24"
"Blumenau";"4202404";"2025";"Profissionais Das Ciências E Das Artes";"Administradores de tecnologia da informação";"Administrador De Redes";"212310";"14";"0,0091";"7207,15";"5527,37"
"Blumenau";"4202404";"2025";"Trabalhadores Da Produção De Bens E Serviços Industriais";"Inspetores e revisores de produção têxtil";"Inspetor De Estamparia (Produção Têxtil)";"761805";"13";"0,0084";"2782,28";"2775,39"
"Blumenau";"4202404";"2025";"Trabalhadores Em Serviços De Reparação E Manutenção";"Supervisores em serviços de reparação e manutenção de máquinas e equipamentos industriais, comerciais e residenciais";"Supervisor De Manutenção De Máquinas Industriais Têxteis";"910125";"13";"0,0084";"9344,57";"8613,91"
"Blumenau";"4202404";"2025";"Técnicos De Nivel Médio";"Planejadores, programadores e controladores de produção e manutenção";"Planejista";"391120";"13";"0,0084";"4984,48";"4301,01"
"Blumenau";"4202404";"2025";"Profissionais Das Ciências E Das Artes";"Professores de nível superior no ensino fundamental de quinta a oitava série";"Professor De Ciências Exatas E Naturais Do Ensino Fundamental";"231305";"13";"0,0084";"4701,36";"3988,96"
"Blumenau";"4202404";"2025";"Trabalhadores Em Serviços De Reparação E Manutenção";"Supervisores de manutenção eletroeletrônica industrial, comercial e predial";"Supervisor De Manutenção Elétrica De Alta Tensão Industrial";"950105";"13";"0,0084";"6526,95";"6700,59"
"Blumenau";"4202404";"2025";"Profissionais Das Ciências E Das Artes";"Biólogos e afins";"Biólogo";"221105";"13";"0,0084";"8742,27";"7620,94"
"Blumenau";"4202404";"2025";"Trabalhadores Dos Serviços, Vendedores Do Comércio Em Lojas E Mercados";"Instaladores de produtos e acessórios";"Instalador De Cortinas E Persianas, Portas Sanfonadas E Boxe";"523105";"13";"0,0084";"3233,54";"3163,3"
"Blumenau";"4202404";"2025";"Técnicos De Nivel Médio";"Planejadores, programadores e controladores de produção e manutenção";"Cronometrista";"391110";"13";"0,0084";"3328,7";"3419,99"
"Blumenau";"4202404";"2025";"Trabalhadores Da Produção De Bens E Serviços Industriais";"Trabalhadores de manobras de transportes sobre trilhos";"Manobrador";"783110";"13";"0,0084";"2212,48";"1970,23"
"Blumenau";"4202404";"2025";"Trabalhadores Dos Serviços, Vendedores Do Comércio Em Lojas E Mercados";"Auxiliares de laboratório da saúde";"Auxiliar De Banco De Sangue";"515205";"13";"0,0084";"2817,31";"2870,08"
"Blumenau";"4202404";"2025";"Profissionais Das Ciências E Das Artes";"Enfermeiros e afins";"Enfermeiro Sanitarista";"223560";"13";"0,0084";"10067,01";"10348,84"
"Blumenau";"4202404";"2025";"Trabalhadores Da Produção De Bens E Serviços Industriais";"Trabalhadores da pré-impressão gráfica";"Montador De Fotolito (Analógico E Digital)";"766125";"13";"0,0084";"3411,4";"3341,73"
"Blumenau";"4202404";"2025";"Técnicos De Nivel Médio";"Atletas profissionais";"Atleta Profissional De Futebol";"377110";"13";"0,0084";"2303,89";"1661,37"
"Blumenau";"4202404";"2025";"Trabalhadores Da Produção De Bens E Serviços Industriais";"Operadores de máquinas de fabricar papel e papelão";"Operador De Cortadeira De Papel";"832110";"13";"0,0084";"3500,37";"3244,04"
"Blumenau";"4202404";"2025";"Trabalhadores Da Produção De Bens E Serviços Industriais";"Trabalhadores de tratamento de superfícies de metais e de compósitos (termoquímicos)";"Galvanizador";"723215";"13";"0,0084";"3835,39";"3385,94"
"Blumenau";"4202404";"2025";"Profissionais Das Ciências E Das Artes";"Profissionais de estatística e afins";"Estatístico";"211205";"13";"0,0084";"13008,56";"14812,36"
"Blumenau";"4202404";"2025";"Profissionais Das Ciências E Das Artes";"Professores de matemática, estatística e informática do ensino superior";"Professor De Matemática Aplicada (No Ensino Superior)";"234105";"13";"0,0084";"15931,87";"17757,74"
"Blumenau";"4202404";"2025";"Trabalhadores Da Produção De Bens E Serviços Industriais";"Instaladores-reparadores de  linhas e equipamentos de telecomunicações";"Instalador-Reparador De Linhas E Aparelhos De Telecomunicações";"731320";"13";"0,0084";"4803,02";"3791,02"
"Blumenau";"4202404";"2025";"Profissionais Das Ciências E Das Artes";"Professores do ensino médio";"Professor De Matemática No Ensino Médio";"232155";"13";"0,0084";"4858,23";"3389,62"
"Blumenau";"4202404";"2025";"Profissionais Das Ciências E Das Artes";"Professores de nível superior no ensino fundamental de quinta a oitava série";"Professor De Língua Portuguesa Do Ensino Fundamental";"231335";"13";"0,0084";"5203,79";"5074,64"
"Blumenau";"4202404";"2025";"Trabalhadores Da Produção De Bens E Serviços Industriais";"Operadores de máquinas e equipamentos de elevação";"Operador De Monta-Cargas (Construção Civil)";"782125";"13";"0,0084";"4112,0";"3905,73"
"Blumenau";"4202404";"2025";"Trabalhadores Da Produção De Bens E Serviços Industriais";"Magarefes e afins";"Retalhador De Carne";"848525";"13";"0,0084";"2417,67";"2419,62"
"Blumenau";"4202404";"2025";"Trabalhadores Em Serviços De Reparação E Manutenção";"Instaladores e mantenedores de sistemas eletroeletrônicos de segurança";"Mantenedor De Sistemas Eletroeletrônicos De Segurança";"951310";"13";"0,0084";"5024,04";"5198,08"
"Blumenau";"4202404";"2025";"Membros Superiores Do Poder Público, Dirigentes De Organizações De Interesse Público E De Empresas, Gerentes";"Gerentes de suprimentos e afins";"Gerente De Almoxarifado";"142415";"12";"0,0078";"4336,0";"3353,01"
"Blumenau";"4202404";"2025";"Técnicos De Nivel Médio";"Técnicos de desenvolvimento de sistemas e aplicações";"Desenvolvedor De Multimídia";"317120";"12";"0,0078";"4329,49";"3881,28"
"Blumenau";"4202404";"2025";"Trabalhadores Da Produção De Bens E Serviços Industriais";"Operadores de equipamentos de acabamento de chapas e metais";"Preparador De Sucata E Aparas";"821445";"12";"0,0078";"3435,89";"2941,73"
"Blumenau";"4202404";"2025";"Trabalhadores Em Serviços De Reparação E Manutenção";"Técnicos em manutenção e reparação de instrumentos de medição e precisão";"Técnico Em Manutenção De Instrumentos De Medição E Precisão";"915105";"12";"0,0078";"3041,94";"2651,42"
"Blumenau";"4202404";"2025";"Trabalhadores Da Produção De Bens E Serviços Industriais";"Aplicadores de revestimentos cerâmicos, pastilhas, pedras e madeiras";"Assentador De Revestimentos Cerâmicos";"716510";"12";"0,0078";"2198,83";"2340,35"
"Blumenau";"4202404";"2025";"Trabalhadores De Serviços Administrativos";"Operadores de equipamentos de entrada e transmissão de dados";"Digitador";"412110";"12";"0,0078";"3818,21";"3242,94"
"Blumenau";"4202404";"2025";"Profissionais Das Ciências E Das Artes";"Professores de nível superior no ensino fundamental de quinta a oitava série";"Professor De História Do Ensino Fundamental";"231325";"12";"0,0078";"3707,32";"2926,37"
"Blumenau";"4202404";"2025";"Trabalhadores Em Serviços De Reparação E Manutenção";"Mecânicos de manutenção de máquinas pesadas e equipamentos agrícolas";"Mecânico De Manutenção De Máquinas De Construção E Terraplenagem";"913120";"12";"0,0078";"5660,52";"5562,85"
"Blumenau";"4202404";"2025";"Trabalhadores Da Produção De Bens E Serviços Industriais";"Sopradores, moldadores e modeladores de vidros e afins";"Artesão Modelador (Vidros)";"752105";"12";"0,0078";"6164,98";"6060,7"
"Blumenau";"4202404";"2025";"Profissionais Das Ciências E Das Artes";"Professores do ensino profissional";"Professor De Desenho Técnico";"233110";"12";"0,0078";"8674,55";"7665,79"
"Blumenau";"4202404";"2025";"Técnicos De Nivel Médio";"Técnicos em áudio";"Técnico Em Mixagem De Áudio";"374130";"12";"0,0078";"7524,12";"5190,37"
"Blumenau";"4202404";"2025";"Trabalhadores Dos Serviços, Vendedores Do Comércio Em Lojas E Mercados";"Cuidadores de crianças, jovens, adultos e idosos";"Cuidador Em Saúde";"516220";"12";"0,0078";"3037,08";"3052,66"
"Blumenau";"4202404";"2025";"Trabalhadores Da Produção De Bens E Serviços Industriais";"Trabalhadores da classificação de fibras têxteis e lavagem de lã";"Classificador De Fibras Têxteis";"761105";"12";"0,0078";"3883,79";"3438,47"
"Blumenau";"4202404";"2025";"Trabalhadores Da Produção De Bens E Serviços Industriais";"Operadores de máquinas de desdobramento da madeira";"Serrador De Madeira";"773120";"12";"0,0078";"3570,88";"3677,72"
"Blumenau";"4202404";"2025";"Técnicos De Nivel Médio";"Técnicos mecânicos na fabricação e montagem de máquinas, sistemas e instrumentos";"Técnico Mecânico (Motores)";"314125";"12";"0,0078";"4559,52";"4381,72"
"Blumenau";"4202404";"2025";"Trabalhadores Da Produção De Bens E Serviços Industriais";"Trabalhadores na fabricação e conservação de alimentos";"Cozinhador De Carnes";"841416";"12";"0,0078";"3515,63";"3249,4"
"Blumenau";"4202404";"2025";"Trabalhadores Dos Serviços, Vendedores Do Comércio Em Lojas E Mercados";"Lavadores e passadores de roupa, a mão";"Lavador De Roupas";"516405";"12";"0,0078";"2665,59";"2602,97"
"Blumenau";"4202404";"2025";"Profissionais Das Ciências E Das Artes";"Profissionais de publicidade";"Agenciador De Propaganda";"253140";"11";"0,0071";"6480,98";"6098,92"
"Blumenau";"4202404";"2025";"Profissionais Das Ciências E Das Artes";"Professores de ciências físicas, químicas e afins do ensino superior";"Professor De Química (Ensino Superior)";"234210";"11";"0,0071";"19777,39";"21966,88"
"Blumenau";"4202404";"2025";"Profissionais Das Ciências E Das Artes";"Profissionais da educação física";"Técnico De Laboratório E Fiscalização Desportiva";"224130";"11";"0,0071";"9110,28";"6870,58"
"Blumenau";"4202404";"2025";"Profissionais Das Ciências E Das Artes";"Engenheiros eletricistas, eletrônicos e afins";"Tecnólogo Em Eletricidade";"214360";"11";"0,0071";"6480,71";"5183,17"
"Blumenau";"4202404";"2025";"Membros Superiores Do Poder Público, Dirigentes De Organizações De Interesse Público E De Empresas, Gerentes";"Gerentes de operações de serviços em instituição de intermediação financeira";"Gerente De Crédito E Cobrança";"141720";"11";"0,0071";"14067,24";"11538,36"
"Blumenau";"4202404";"2025";"Profissionais Das Ciências E Das Artes";"Enfermeiros e afins";"Enfermeiro Do Trabalho";"223530";"11";"0,0071";"7831,2";"6584,46"
"Blumenau";"4202404";"2025";"Trabalhadores Em Serviços De Reparação E Manutenção";"Trabalhadores elementares de serviços de manutenção veicular";"Lavador De Peças";"992120";"11";"0,0071";"2572,2";"2497,01"
"Blumenau";"4202404";"2025";"Trabalhadores Da Produção De Bens E Serviços Industriais";"Montadores de equipamentos eletroeletrônicos";"Montador De Equipamentos Elétricos (Instrumentos De Medição)";"731115";"11";"0,0071";"2317,68";"2221,12"
"Blumenau";"4202404";"2025";"Profissionais Das Ciências E Das Artes";"Professores de ciências econômicas, administrativas e contábeis do ensino superior";"Professor De Economia";"234805";"11";"0,0071";"12224,39";"15419,63"
"Blumenau";"4202404";"2025";"Profissionais Das Ciências E Das Artes";"Locutores, comentaristas e repórteres de mídias audiovisuais";"Repórter De Mídias Audiovisuais";"261730";"11";"0,0071";"5206,17";"3639,18"
"Blumenau";"4202404";"2025";"Trabalhadores Em Serviços De Reparação E Manutenção";"Trabalhadores operacionais de conservação de vias permanentes (exceto trilhos)";"Encarregado Geral De Operações De Conservação De Vias Permanentes (Exceto Trilhos)";"992205";"11";"0,0071";"3165,76";"2852,59"
"Blumenau";"4202404";"2025";"Trabalhadores Dos Serviços, Vendedores Do Comércio Em Lojas E Mercados";"Outros trabalhadores dos serviços";"Gandula";"519920";"11";"0,0071";"1281,94";"1238,3"
"Blumenau";"4202404";"2025";"Profissionais Das Ciências E Das Artes";"Professores do ensino médio";"Professor De Educação Física No Ensino Médio";"232120";"11";"0,0071";"6193,0";"4396,83"
"Blumenau";"4202404";"2025";"Trabalhadores Da Produção De Bens E Serviços Industriais";"Operadores de equipamentos de moagem e mistura de materiais (tratamentos químicos e afins)";"Operador De Máquina Misturadeira (Tratamentos Químicos E Afins)";"811110";"11";"0,0071";"4064,99";"3536,38"
"Blumenau";"4202404";"2025";"Trabalhadores Em Serviços De Reparação E Manutenção";"Reparadores de equipamentos de escritório";"Reparador De Equipamentos De Escritório";"954305";"11";"0,0071";"3159,35";"3065,57"
"Blumenau";"4202404";"2025";"Profissionais Das Ciências E Das Artes";"Professores de ciências humanas do ensino superior";"Professor De História Do Ensino Superior";"234745";"11";"0,0071";"11507,85";"5958,68"
"Blumenau";"4202404";"2025";"Trabalhadores Da Produção De Bens E Serviços Industriais";"Artesãos de metais preciosos e semi-preciosos";"Ourives";"751125";"11";"0,0071";"2717,25";"2076,29"
"Blumenau";"4202404";"2025";"Técnicos De Nivel Médio";"Planejadores, programadores e controladores de produção e manutenção";"Analista De Planejamento De Manutenção";"391145";"11";"0,0071";"3788,26";"3484,53"
"Blumenau";"4202404";"2025";"Profissionais Das Ciências E Das Artes";"Profissionais da pilotagem aeronáutica";"Piloto De Aeronaves";"215305";"11";"0,0071";"12104,96";"8542,29"
"Blumenau";"4202404";"2025";"Trabalhadores Da Produção De Bens E Serviços Industriais";"Operadores de instalações e equipamentos de fabricação de materiais de construção";"Trabalhador Da Elaboração De Pré-Fabricados (Concreto Armado)";"823325";"11";"0,0071";"3327,29";"2826,47"
"Blumenau";"4202404";"2025";"Trabalhadores Da Produção De Bens E Serviços Industriais";"Montadores de máquinas industriais";"Montador De Máquinas Têxteis";"725220";"11";"0,0071";"3632,12";"3910,01"
"Blumenau";"4202404";"2025";"Técnicos De Nivel Médio";"Especialistas em logística de transportes";"Controlador De Serviços De Máquinas E Veículos";"342115";"11";"0,0071";"2782,4";"2423,9"
"Blumenau";"4202404";"2025";"Membros Superiores Do Poder Público, Dirigentes De Organizações De Interesse Público E De Empresas, Gerentes";"Dirigentes do serviço público";"Dirigente Do Serviço Público Estadual E Distrital";"111410";"11";"0,0071";"7026,45";"6141,84"
"Blumenau";"4202404";"2025";"Trabalhadores Da Produção De Bens E Serviços Industriais";"Operadores de máquinas e equipamentos de elevação";"Operador De Guindaste (Fixo)";"782110";"10";"0,0065";"3815,22";"4152,22"
"Blumenau";"4202404";"2025";"Trabalhadores Da Produção De Bens E Serviços Industriais";"Trabalhadores da confecção de artefatos de tecidos, couros e sintéticos";"Estofador De Móveis";"765235";"10";"0,0065";"2900,68";"2400,88"
"Blumenau";"4202404";"2025";"Trabalhadores Da Produção De Bens E Serviços Industriais";"Operadores da fiação";"Operador De Abertura (Fiação)";"761205";"10";"0,0065";"";""
"Blumenau";"4202404";"2025";"Profissionais Das Ciências E Das Artes";"Professores do ensino médio";"Professor De Física No Ensino Médio";"232130";"10";"0,0065";"4657,05";"3366,16"
"Blumenau";"4202404";"2025";"Trabalhadores Da Produção De Bens E Serviços Industriais";"Trabalhadores na fabricação de cachaça, cerveja, vinhos e outras bebidas";"Filtrador De Cerveja";"841710";"10";"0,0065";"2886,22";"2419,11"
"Blumenau";"4202404";"2025";"Técnicos De Nivel Médio";"Técnicos mecânicos (ferramentas)";"Técnico Mecânico Na Fabricação De Ferramentas";"314205";"10";"0,0065";"7821,27";"7066,16"
"Blumenau";"4202404";"2025";"Profissionais Das Ciências E Das Artes";"Professores do ensino médio";"Professor De Química No Ensino Médio";"232165";"10";"0,0065";"4424,6";"3336,63"
"Blumenau";"4202404";"2025";"Trabalhadores Da Produção De Bens E Serviços Industriais";"Operadores de instalações e máquinas de produtos plásticos, de borracha e moldadores de parafinas";"Moldador De Borracha Por Compressão";"811750";"10";"0,0065";"2763,5";"2651,48"
"Blumenau";"4202404";"2025";"Trabalhadores De Serviços Administrativos";"Auxiliares de serviços de documentação, informação e pesquisa";"Operador De Máquina Copiadora (Exceto Operador De Gráfica Rápida)";"415130";"10";"0,0065";"4114,73";"3143,59"
"Blumenau";"4202404";"2025";"Profissionais Das Ciências E Das Artes";"Pesquisadores das ciências da saúde";"Pesquisador De Clínica Médica";"203305";"10";"0,0065";"4776,11";"4576,38"
"Blumenau";"4202404";"2025";"Profissionais Das Ciências E Das Artes";"Enfermeiros e afins";"Enfermeiro De Centro Cirúrgico";"223520";"10";"0,0065";"6849,14";"6665,61"
"Blumenau";"4202404";"2025";"Profissionais Das Ciências E Das Artes";"Professores de nível superior no ensino fundamental de quinta a oitava série";"Professor De Educação Artística Do Ensino Fundamental";"231310";"10";"0,0065";"3447,91";"2848,83"
"Blumenau";"4202404";"2025";"Técnicos De Nivel Médio";"Desenhistas técnicos de produtos e serviços diversos";"Desenhista Técnico De Embalagens, Maquetes E Leiautes";"318430";"10";"0,0065";"6024,5";"5028,72"
"Blumenau";"4202404";"2025";"Trabalhadores Da Produção De Bens E Serviços Industriais";"Operadores de máquinas de fabricar papel e papelão";"Operador De Rebobinadeira Na Fabricação De Papel E Papelão";"832135";"10";"0,0065";"4077,09";"3847,36"
"Blumenau";"4202404";"2025";"Trabalhadores Da Produção De Bens E Serviços Industriais";"Trabalhadores de traçagem e montagem de estruturas metálicas e de compósitos";"Montador De Estruturas Metálicas De Embarcações";"724210";"10";"0,0065";"2621,69";"2421,75"
"Blumenau";"4202404";"2025";"Trabalhadores Da Produção De Bens E Serviços Industriais";"Montadores de equipamentos eletroeletrônicos";"Montador De Equipamentos Elétricos (Elevadores E Equipamentos Similares)";"731155";"10";"0,0065";"2152,46";"2111,11"
"Blumenau";"4202404";"2025";"Trabalhadores De Serviços Administrativos";"Apontadores e conferentes";"Apontador De Mão-De-Obra";"414205";"10";"0,0065";"4101,27";"3889,32"
"Blumenau";"4202404";"2025";"Trabalhadores Da Produção De Bens E Serviços Industriais";"Montadores de equipamentos eletroeletrônicos";"Montador De Equipamentos Elétricos (Aparelhos Eletrodomésticos)";"731120";"10";"0,0065";"2857,84";"2660,35"
"Blumenau";"4202404";"2025";"Trabalhadores Da Produção De Bens E Serviços Industriais";"Operadores de equipamentos na fabricação de pães, massas alimentícias, doces, chocolates e achocolatados";"Operador De Máquinas De Fabricação De Doces, Salgados E Massas Alimentícias";"841810";"10";"0,0065";"3029,78";"2510,75"
"Blumenau";"4202404";"2025";"Trabalhadores Da Produção De Bens E Serviços Industriais";"Aplicadores de materiais isolantes";"Instalador De Isolantes Térmicos De Caldeira E Tubulações";"715720";"10";"0,0065";"2418,87";"2180,0"
"Blumenau";"4202404";"2025";"Técnicos De Nivel Médio";"Técnicos de seguros e afins";"Inspetor De Risco";"351725";"10";"0,0065";"3394,03";"3035,37"
"Blumenau";"4202404";"2025";"Profissionais Das Ciências E Das Artes";"Professores de ciências biológicas e da saúde do ensino superior";"Professor De Enfermagem Do Ensino Superior";"234415";"10";"0,0065";"9262,42";"5040,29"
"Blumenau";"4202404";"2025";"Trabalhadores Da Produção De Bens E Serviços Industriais";"Operadores de instalações de geração e distribuição de energia elétrica, hidráulica, térmica ou nuclear";"Operador De Central Hidrelétrica";"861105";"10";"0,0065";"4614,57";"4345,89"
"Blumenau";"4202404";"2025";"Membros Superiores Do Poder Público, Dirigentes De Organizações De Interesse Público E De Empresas, Gerentes";"Diretores administrativos e financeiros";"Diretor Financeiro";"123115";"10";"0,0065";"21632,12";"5128,04"
"Blumenau";"4202404";"2025";"Técnicos De Nivel Médio";"Desenhistas técnicos da construção civil e arquitetura";"Desenhista Técnico (Cartografia)";"318110";"9";"0,0058";"8881,07";"3213,49"
"Blumenau";"4202404";"2025";"Trabalhadores Dos Serviços, Vendedores Do Comércio Em Lojas E Mercados";"Tintureiros, lavadeiros e afins, a máquina";"Atendente De Lavanderia";"516340";"9";"0,0058";"2301,76";"2364,14"
"Blumenau";"4202404";"2025";"Trabalhadores Agropecuários, Florestais E Da Pesca";"Trabalhadores da mecanização agrícola";"Tratorista Agrícola";"641015";"9";"0,0058";"3153,44";"3001,4"
"Blumenau";"4202404";"2025";"Profissionais Das Ciências E Das Artes";"Profissionais da matemática";"Especialista Em Pesquisa Operacional";"211110";"9";"0,0058";"7094,72";"4676,05"
"Blumenau";"4202404";"2025";"Trabalhadores Da Produção De Bens E Serviços Industriais";"Trabalhadores na operação de máquinas de terraplenagem e fundações";"Operador De Trator De Lâmina";"715145";"9";"0,0058";"2996,19";"2520,48"
"Blumenau";"4202404";"2025";"Técnicos De Nivel Médio";"Técnicos em serviços de turismo e organização de eventos";"Operador De Turismo";"354810";"9";"0,0058";"4835,84";"3506,14"
"Blumenau";"4202404";"2025";"Trabalhadores Da Produção De Bens E Serviços Industriais";"Aplicadores de materiais isolantes";"Instalador De Material Isolante, A Mão (Edificações)";"715725";"9";"0,0058";"3215,79";"2886,17"
"Blumenau";"4202404";"2025";"Trabalhadores Em Serviços De Reparação E Manutenção";"Instaladores e mantenedores eletromecânicos de elevadores, escadas e portas automáticas";"Mecânico De Manutenção De Instalações Mecânicas De Edifícios";"954120";"9";"0,0058";"3068,7";"2910,71"
"Blumenau";"4202404";"2025";"Trabalhadores Da Produção De Bens E Serviços Industriais";"Operadores de instalações de geração e distribuição de energia elétrica, hidráulica, térmica ou nuclear";"Operador De Quadro De Distribuição De Energia Elétrica";"861110";"9";"0,0058";"2963,93";"2600,24"
"Blumenau";"4202404";"2025";"Membros Superiores Do Poder Público, Dirigentes De Organizações De Interesse Público E De Empresas, Gerentes";"Diretores de produção e operações em empresa da indústria extrativa, transformação e de serviços de utilidade pública";"Diretor De Produção E Operações Da Indústria De Transformação, Extração Mineral E Utilidades";"122205";"9";"0,0058";"52347,83";"48151,14"
"Blumenau";"4202404";"2025";"Trabalhadores Da Produção De Bens E Serviços Industriais";"Montadores de equipamentos eletroeletrônicos";"Montador De Equipamentos Eletrônicos (Máquinas Industriais)";"731145";"9";"0,0058";"2986,57";"2997,13"
"Blumenau";"4202404";"2025";"Técnicos De Nivel Médio";"Técnicos em montagem, edição e finalização de mídia audiovisual";"Finalizador De Vídeo";"374415";"9";"0,0058";"4241,93";"4068,02"
"Blumenau";"4202404";"2025";"Membros Superiores Do Poder Público, Dirigentes De Organizações De Interesse Público E De Empresas, Gerentes";"Diretores de operações de serviços em instituição de intermediação financeira";"Diretor De Produtos Bancários";"122710";"9";"0,0058";"28886,35";"38016,82"
"Blumenau";"4202404";"2025";"Trabalhadores Da Produção De Bens E Serviços Industriais";"Trabalhadores na operação de máquinas de terraplenagem e fundações";"Operador De Pavimentadora (Asfalto, Concreto E Materiais Similares)";"715140";"9";"0,0058";"3755,79";"3667,99"
"Blumenau";"4202404";"2025";"Técnicos De Nivel Médio";"Desenhistas técnicos em eletricidade, eletrônica, eletromecânica, calefação, ventilação e refrigeração";"Desenhista Técnico (Eletricidade E Eletrônica)";"318305";"9";"0,0058";"2655,03";"2160,6"
"Blumenau";"4202404";"2025";"Trabalhadores Da Produção De Bens E Serviços Industriais";"Operadores de máquinas de usinagem cnc";"Operador De Mandriladora Com Comando Numérico";"721415";"9";"0,0058";"5639,07";"5236,47"
"Blumenau";"4202404";"2025";"Técnicos De Nivel Médio";"Técnicos em cenografia";"Cenotécnico (Cinema, Vídeo, Televisão, Teatro E Espetáculos)";"374205";"9";"0,0058";"4114,22";"4216,29"
"Blumenau";"4202404";"2025";"Profissionais Das Ciências E Das Artes";"Profissionais do jornalismo";"Repórter (Exclusive Rádio E Televisão)";"261135";"9";"0,0058";"4881,62";"4705,93"
"Blumenau";"4202404";"2025";"Profissionais Das Ciências E Das Artes";"Professores do ensino médio";"Professor De Biologia No Ensino Médio";"232110";"9";"0,0058";"4616,47";"4342,12"
"Blumenau";"4202404";"2025";"Trabalhadores Da Produção De Bens E Serviços Industriais";"Trabalhadores de extração de minerais sólidos (operadores de máquinas)";"Operador De Carregadeira";"711210";"9";"0,0058";"7074,27";"8212,65"
"Blumenau";"4202404";"2025";"(nao classificado)";"";"(sem descricao no dicionario)";"142365";"9";"0,0058";"4431,54";"2494,7"
"Blumenau";"4202404";"2025";"Profissionais Das Ciências E Das Artes";"Profissionais de estatística e afins";"Cientista De Dados";"211220";"9";"0,0058";"8010,51";"7191,93"
"Blumenau";"4202404";"2025";"Profissionais Das Ciências E Das Artes";"Professores de nível superior no ensino fundamental de quinta a oitava série";"Professor De Língua Estrangeira Moderna Do Ensino Fundamental";"231330";"9";"0,0058";"2548,24";"1954,99"
"Blumenau";"4202404";"2025";"Trabalhadores Da Produção De Bens E Serviços Industriais";"Revestidores de concreto";"Acabador De Superfícies De Concreto";"716105";"9";"0,0058";"3134,14";"2772,05"
"Blumenau";"4202404";"2025";"Profissionais Das Ciências E Das Artes";"Professores de artes do ensino superior";"Professor De Artes Do Espetáculo No Ensino Superior";"234905";"9";"0,0058";"9712,3";"11990,66"
"Blumenau";"4202404";"2025";"Trabalhadores Agropecuários, Florestais E Da Pesca";"Trabalhadores de apoio à agricultura";"Trabalhador Na Produção De Mudas E Sementes";"622015";"8";"0,0052";"2428,28";"2334,39"
"Blumenau";"4202404";"2025";"Técnicos De Nivel Médio";"Técnicos mecânicos na manutenção de máquinas, sistemas e instrumentos";"Técnico De Manutenção De Sistemas E Instrumentos";"314405";"8";"0,0052";"5401,93";"4104,76"
"Blumenau";"4202404";"2025";"Trabalhadores Agropecuários, Florestais E Da Pesca";"Produtores em pecuária polivalente";"Criador De Animais Domésticos";"613010";"8";"0,0052";"1943,41";"1918,22"
"Blumenau";"4202404";"2025";"Trabalhadores Da Produção De Bens E Serviços Industriais";"Ajustadores mecânicos polivalentes e afins";"Operador De Manutenção E Recarga De Extintor De Incêndio";"725030";"8";"0,0052";"2546,99";"2405,23"
"Blumenau";"4202404";"2025";"Membros Superiores Do Poder Público, Dirigentes De Organizações De Interesse Público E De Empresas, Gerentes";"Diretores e gerentes de instituição de serviços educacionais";"Gerente De Instituição Educacional Da Área Privada";"131315";"8";"0,0052";"12737,03";"9746,99"
"Blumenau";"4202404";"2025";"Técnicos De Nivel Médio";"Designers de interiores, de vitrines e visual merchandiser e afins (nível médio)";"Designer De Vitrines";"375110";"8";"0,0052";"4003,75";"3955,02"
"Blumenau";"4202404";"2025";"Técnicos De Nivel Médio";"Técnicos florestais";"Técnico Florestal";"321210";"8";"0,0052";"3241,15";"2665,0"
"Blumenau";"4202404";"2025";"Profissionais Das Ciências E Das Artes";"Filólogos,tradutores ,intérpretes e afins";"Tradutor";"261420";"8";"0,0052";"6509,48";"5693,68"
"Blumenau";"4202404";"2025";"Trabalhadores Da Produção De Bens E Serviços Industriais";"Montadores de máquinas industriais";"Montador De Máquinas-Ferramentas (Usinagem De Metais)";"725225";"8";"0,0052";"4443,48";"4300,41"
"Blumenau";"4202404";"2025";"Profissionais Das Ciências E Das Artes";"Psicólogos e psicanalistas";"Psicólogo Do Trabalho";"251540";"8";"0,0052";"3344,53";"2183,33"
"Blumenau";"4202404";"2025";"Trabalhadores Da Produção De Bens E Serviços Industriais";"Trabalhadores de tratamento de superfícies de metais e de compósitos (termoquímicos)";"Metalizador (Banho Quente)";"723225";"8";"0,0052";"5552,78";"4470,04"
"Blumenau";"4202404";"2025";"Trabalhadores Da Produção De Bens E Serviços Industriais";"Encanadores e instaladores de tubulações";"Instalador De Tubulações De Gás Combustível (Produção E Distribuição)";"724130";"8";"0,0052";"3989,35";"3614,89"
"Blumenau";"4202404";"2025";"Técnicos De Nivel Médio";"Especialistas em inspeções industriais";"Inspetor De Soldagem";"314845";"8";"0,0052";"8010,74";"6857,54"
"Blumenau";"4202404";"2025";"Trabalhadores Da Produção De Bens E Serviços Industriais";"Trabalhadores de forjamento de metais";"Forjador Prensista";"722115";"8";"0,0052";"3118,35";"3163,78"
"Blumenau";"4202404";"2025";"Técnicos De Nivel Médio";"Enólogos, perfumistas e aromistas";"Perfumista";"325015";"8";"0,0052";"2588,22";"2565,21"
"Blumenau";"4202404";"2025";"Trabalhadores Em Serviços De Reparação E Manutenção";"Mecânicos de manutenção de máquinas industriais";"Mecânico De Manutenção De Máquinas Gráficas";"911310";"8";"0,0052";"6411,07";"5677,96"
"Blumenau";"4202404";"2025";"Técnicos De Nivel Médio";"Técnicos em telecomunicações";"Técnico De Transmissão (Telecomunicações)";"313320";"8";"0,0052";"10393,86";"9984,21"
"Blumenau";"4202404";"2025";"Trabalhadores Da Produção De Bens E Serviços Industriais";"Supervisores na fabricação de materiais para construção (vidros e cerâmicas)";"Supervisor De Fabricação De Produtos De Vidro";"820210";"8";"0,0052";"4757,64";"4493,91"
"Blumenau";"4202404";"2025";"Membros Superiores Do Poder Público, Dirigentes De Organizações De Interesse Público E De Empresas, Gerentes";"Gerentes de tecnologia da informação";"Gerente De Segurança Da Informação";"142525";"8";"0,0052";"20809,21";"18769,78"
"Blumenau";"4202404";"2025";"Profissionais Das Ciências E Das Artes";"Professores de ciências humanas do ensino superior";"Professor De Filosofia Do Ensino Superior";"234735";"8";"0,0052";"21465,39";"22183,1"
"Blumenau";"4202404";"2025";"Técnicos De Nivel Médio";"Técnicos em mecânica veicular";"Técnico Em Automobilística";"314305";"8";"0,0052";"4557,72";"3815,53"
"Blumenau";"4202404";"2025";"Trabalhadores Da Produção De Bens E Serviços Industriais";"Montadores de equipamentos eletroeletrônicos";"Montador De Equipamentos Eletrônicos (Computadores E Equipamentos Auxiliares)";"731110";"8";"0,0052";"3123,93";"3027,69"
"Blumenau";"4202404";"2025";"Profissionais Das Ciências E Das Artes";"Profissionais da pilotagem aeronáutica";"Instrutor De Vôo";"215315";"8";"0,0052";"2211,23";"2055,49"
"Blumenau";"4202404";"2025";"Trabalhadores Da Produção De Bens E Serviços Industriais";"Operadores de equipamentos de fabricação  e beneficiamento de cristais, vidros, cerâmicas, porcelanas, fibras de vidro, abrasivos e afins";"Extrusor De Fios Ou Fibras De Vidro";"823210";"8";"0,0052";"3866,78";"3707,21"
"Blumenau";"4202404";"2025";"Profissionais Das Ciências E Das Artes";"Professores de nível superior no ensino fundamental de quinta a oitava série";"Professor De Geografia Do Ensino Fundamental";"231320";"8";"0,0052";"4251,21";"2684,89"
"Blumenau";"4202404";"2025";"Técnicos De Nivel Médio";"Leiloeiros e avaliadores";"Avaliador De Bens Móveis";"354415";"8";"0,0052";"3387,35";"3605,37"
"Blumenau";"4202404";"2025";"Trabalhadores Da Produção De Bens E Serviços Industriais";"Trabalhadores de tecelagem manual, tricô, crochê, rendas e afins";"Tecelão De Tapetes, A  Mão";"768110";"8";"0,0052";"1994,35";"1883,65"
"Blumenau";"4202404";"2025";"Profissionais Das Ciências E Das Artes";"Produtores artísticos e culturais";"Produtor De Rádio";"262115";"8";"0,0052";"2527,66";"2073,44"
"Blumenau";"4202404";"2025";"Membros Superiores Do Poder Público, Dirigentes De Organizações De Interesse Público E De Empresas, Gerentes";"Diretores de comercialização e marketing";"Diretor De Marketing";"123310";"8";"0,0052";"35287,7";"26528,02"
"Blumenau";"4202404";"2025";"Trabalhadores De Serviços Administrativos";"Caixas e bilheteiros (exceto caixa de banco)";"Bilheteiro No Serviço De Diversões";"421115";"8";"0,0052";"1519,71";"1686,86"
"Blumenau";"4202404";"2025";"Trabalhadores Da Produção De Bens E Serviços Industriais";"Instaladores-reparadores de  linhas e equipamentos de telecomunicações";"Instalador-Reparador De Equipamentos De Comutação Em Telefonia";"731305";"7";"0,0045";"2537,24";"2259,3"
"Blumenau";"4202404";"2025";"Trabalhadores Da Produção De Bens E Serviços Industriais";"Trabalhadores na operação de máquinas de terraplenagem e fundações";"Operador De Máquina De Abrir Valas";"715120";"7";"0,0045";"8387,58";"7206,85"
"Blumenau";"4202404";"2025";"Trabalhadores Da Produção De Bens E Serviços Industriais";"Operadores de equipamentos de fabricação  e beneficiamento de cristais, vidros, cerâmicas, porcelanas, fibras de vidro, abrasivos e afins";"Forneiro Na Fundição De Vidro";"823215";"7";"0,0045";"4732,26";"5126,97"
"Blumenau";"4202404";"2025";"Trabalhadores Da Produção De Bens E Serviços Industriais";"Trabalhadores de embalagem e de etiquetagem";"Operador De Prensa De Enfardamento";"784125";"7";"0,0045";"2288,58";"2362,09"
"Blumenau";"4202404";"2025";"Trabalhadores Dos Serviços, Vendedores Do Comércio Em Lojas E Mercados";"Trabalhadores de atenção, defesa e proteção a pessoas em situação de risco e adolescentes em conflito com a lei";"Monitor De Dependente Químico";"515315";"7";"0,0045";"2068,82";"2372,32"
"Blumenau";"4202404";"2025";"Trabalhadores Da Produção De Bens E Serviços Industriais";"Operadores da fiação";"Operador De Binadeira";"761210";"7";"0,0045";"1883,22";"1949,67"
"Blumenau";"4202404";"2025";"Trabalhadores Dos Serviços, Vendedores Do Comércio Em Lojas E Mercados";"Auxiliares de laboratório da saúde";"Auxiliar De Laboratório De Imunobiológicos";"515220";"7";"0,0045";"2902,66";"2716,92"
"Blumenau";"4202404";"2025";"Técnicos De Nivel Médio";"Técnicos em montagem, edição e finalização de mídia audiovisual";"Montador De Filmes";"374420";"7";"0,0045";"3971,6";"2892,08"
"Blumenau";"4202404";"2025";"Trabalhadores Da Produção De Bens E Serviços Industriais";"Supervisores de produção em indústrias químicas, petroquímicas e afins";"Mestre De Produção Química";"810110";"7";"0,0045";"5870,25";"5244,0"
"Blumenau";"4202404";"2025";"Trabalhadores Da Produção De Bens E Serviços Industriais";"Trabalhadores de tratamento de superfícies de metais e de compósitos (termoquímicos)";"Operador De Zincagem (Processo Eletrolítico)";"723235";"7";"0,0045";"3057,51";"2700,98"
"Blumenau";"4202404";"2025";"Profissionais Das Ciências E Das Artes";"Professores do ensino médio";"Professor De Geografia No Ensino Médio";"232135";"7";"0,0045";"4792,33";"5135,72"
"Blumenau";"4202404";"2025";"Profissionais Das Ciências E Das Artes";"Cenógrafos";"Diretor De Arte";"262330";"7";"0,0045";"4768,9";"3487,47"
"Blumenau";"4202404";"2025";"Profissionais Das Ciências E Das Artes";"Engenheiros agrossilvipecuários";"Engenheiro Agrônomo";"222110";"7";"0,0045";"13061,8";"12577,61"
"Blumenau";"4202404";"2025";"(nao classificado)";"";"(sem descricao no dicionario)";"519325";"7";"0,0045";"1959,91";"2014,08"
"Blumenau";"4202404";"2025";"Trabalhadores Da Produção De Bens E Serviços Industriais";"Ceramistas (preparação e fabricação)";"Ceramista";"752305";"7";"0,0045";"2345,21";"2333,28"
"Blumenau";"4202404";"2025";"Técnicos De Nivel Médio";"Técnicos têxteis";"Técnico Têxtil (Tratamentos Químicos)";"311610";"7";"0,0045";"6346,38";"6319,2"
"Blumenau";"4202404";"2025";"Trabalhadores Da Produção De Bens E Serviços Industriais";"Trabalhadores de estruturas de alvenaria";"Pedreiro (Material Refratário)";"715220";"7";"0,0045";"3858,88";"3785,04"
"Blumenau";"4202404";"2025";"Profissionais Das Ciências E Das Artes";"Secretárias(os) executivas(os) e afins";"Secretário  Bilíngüe";"252310";"7";"0,0045";"7562,01";"8628,23"
"Blumenau";"4202404";"2025";"Trabalhadores De Serviços Administrativos";"Agentes, assistentes e auxiliares administrativos";"Captador De Recursos";"411055";"7";"0,0045";"5997,26";"6282,19"
"Blumenau";"4202404";"2025";"Trabalhadores Da Produção De Bens E Serviços Industriais";"Operadores de tear e máquinas similares";"Tecelão (Tear Mecânico Liso)";"761321";"7";"0,0045";"2327,46";"2271,9"
"Blumenau";"4202404";"2025";"Trabalhadores Da Produção De Bens E Serviços Industriais";"Aplicadores de revestimentos cerâmicos, pastilhas, pedras e madeiras";"Lustrador De Piso";"716520";"7";"0,0045";"1456,39";"1476,27"
"Blumenau";"4202404";"2025";"Profissionais Das Ciências E Das Artes";"Profissionais de administração ecônomico-financeira";"Profissional De Relações Com Investidores";"252550";"7";"0,0045";"15721,08";"14803,46"
"Blumenau";"4202404";"2025";"Profissionais Das Ciências E Das Artes";"Químicos";"Químico";"213205";"7";"0,0045";"9128,16";"9031,97"
"Blumenau";"4202404";"2025";"Profissionais Das Ciências E Das Artes";"Designer de interiores de nível superior";"Decorador De Interiores De Nível Superior";"262905";"7";"0,0045";"3419,9";"3527,95"
"Blumenau";"4202404";"2025";"Trabalhadores Da Produção De Bens E Serviços Industriais";"Supervisores da produção de utilidades";"Supervisor De Operação Elétrica (Geração, Transmissão E Distribuição De Energia Elétrica)";"860115";"7";"0,0045";"5290,48";"5569,63"
"Blumenau";"4202404";"2025";"Trabalhadores Da Produção De Bens E Serviços Industriais";"Operadores de instalações de captação e esgotos";"Operador De Forno De Incineração No Tratamento De Água, Efluentes E Resíduos Industriais";"862310";"7";"0,0045";"3337,25";"3075,98"
"Blumenau";"4202404";"2025";"Profissionais Das Ciências E Das Artes";"Artistas visuais,desenhistas industriais e conservadores-restauradores de bens culturais";"Artista (Artes Visuais)";"262405";"7";"0,0045";"4492,77";"4921,59"
"Blumenau";"4202404";"2025";"Profissionais Das Ciências E Das Artes";"Professores nas áreas de língua e literatura do ensino superior";"Professor De Língua Alemã";"234604";"7";"0,0045";"5567,68";"6679,19"
"Blumenau";"4202404";"2025";"Trabalhadores Dos Serviços, Vendedores Do Comércio Em Lojas E Mercados";"Vigilantes e guardas de segurança";"Agente De Segurança";"517310";"7";"0,0045";"3753,76";"4137,77"
"Blumenau";"4202404";"2025";"Membros Superiores Do Poder Público, Dirigentes De Organizações De Interesse Público E De Empresas, Gerentes";"Diretores de operações em empresa do comércio";"Diretor De Operações Comerciais (Comércio Atacadista E Varejista)";"122405";"7";"0,0045";"56083,11";"50000,0"
"Blumenau";"4202404";"2025";"Trabalhadores Dos Serviços, Vendedores Do Comércio Em Lojas E Mercados";"Supervisores de lavanderia";"Supervisor De Lavanderia";"510205";"7";"0,0045";"2992,26";"3088,19"
"Blumenau";"4202404";"2025";"Trabalhadores Da Produção De Bens E Serviços Industriais";"Trabalhadores na operação de máquinas de terraplenagem e fundações";"Operador De Motoniveladora";"715130";"7";"0,0045";"5184,19";"4523,44"
"Blumenau";"4202404";"2025";"Técnicos De Nivel Médio";"Técnicos em calibração e instrumentação";"Técnico Em Instrumentação";"313410";"7";"0,0045";"6821,4";"6866,66"
"Blumenau";"4202404";"2025";"Trabalhadores Da Produção De Bens E Serviços Industriais";"Trabalhadores na operação de máquinas de terraplenagem e fundações";"Operador De Pá Carregadeira";"715135";"7";"0,0045";"3624,36";"3302,73"
"Blumenau";"4202404";"2025";"Profissionais Das Ciências E Das Artes";"Artistas da dança (exceto dança tradicional e popular)";"Professor De Dança";"262830";"7";"0,0045";"2703,9";"2006,31"
"Blumenau";"4202404";"2025";"Profissionais Das Ciências E Das Artes";"Professores do ensino médio";"Professor De Filosofia No Ensino Médio";"232125";"7";"0,0045";"2848,54";"2199,36"
"Blumenau";"4202404";"2025";"Trabalhadores Da Produção De Bens E Serviços Industriais";"Trabalhadores de tratamento e preparação da madeira";"Classificador De Madeira";"772105";"7";"0,0045";"1996,32";"1953,07"
"Blumenau";"4202404";"2025";"Membros Superiores Do Poder Público, Dirigentes De Organizações De Interesse Público E De Empresas, Gerentes";"Dirigentes gerais da administração pública";"Secretário - Executivo";"111220";"7";"0,0045";"8972,49";"2670,97"
"Blumenau";"4202404";"2025";"Profissionais Das Ciências E Das Artes";"Profissionais do jornalismo";"Assessor De Imprensa";"261110";"7";"0,0045";"8649,43";"6637,76"
"Blumenau";"4202404";"2025";"Trabalhadores Em Serviços De Reparação E Manutenção";"Supervisores em serviços de reparação e manutenção veicular";"Supervisor Da Manutenção E Reparação De Veículos Pesados";"910210";"7";"0,0045";"5331,27";"4026,27"
"Blumenau";"4202404";"2025";"Trabalhadores Dos Serviços, Vendedores Do Comércio Em Lojas E Mercados";"Trabalhadores auxiliares dos serviços funerários";"Sepultador";"516610";"7";"0,0045";"2796,77";"2588,51"
"Blumenau";"4202404";"2025";"Trabalhadores Dos Serviços, Vendedores Do Comércio Em Lojas E Mercados";"Instaladores de produtos e acessórios";"Aplicador De Vinil Autoadesivo";"523120";"7";"0,0045";"2814,99";"2488,79"
"Blumenau";"4202404";"2025";"Profissionais Das Ciências E Das Artes";"Programadores, avaliadores e orientadores de ensino";"Designer Educacional";"239435";"7";"0,0045";"4332,95";"3989,32"
"Blumenau";"4202404";"2025";"Profissionais Das Ciências E Das Artes";"Engenheiros eletricistas, eletrônicos e afins";"Engenheiro Eletricista De Projetos";"214320";"7";"0,0045";"8708,49";"6794,41"
"Blumenau";"4202404";"2025";"Trabalhadores De Serviços Administrativos";"Cobradores e afins";"Cobrador Externo";"421305";"7";"0,0045";"3197,64";"3018,74"
"Blumenau";"4202404";"2025";"Trabalhadores Da Produção De Bens E Serviços Industriais";"Supervisores da produção de utilidades";"Supervisor De Operação De Fluidos (Distribuição, Captação, Tratamento De Água, Gases, Vapor)";"860110";"7";"0,0045";"6320,28";"5584,57"
"Blumenau";"4202404";"2025";"Membros Superiores Do Poder Público, Dirigentes De Organizações De Interesse Público E De Empresas, Gerentes";"Diretores de pesquisa e desenvolvimento";"Diretor De Pesquisa E Desenvolvimento (P&D)";"123705";"6";"0,0039";"45170,85";"39164,01"
"Blumenau";"4202404";"2025";"Profissionais Das Ciências E Das Artes";"Engenheiros mecânicos e afins";"Engenheiro Mecânico Automotivo";"214410";"6";"0,0039";"5816,71";"5788,58"
"Blumenau";"4202404";"2025";"Profissionais Das Ciências E Das Artes";"Engenheiros agrossilvipecuários";"Engenheiro Florestal";"222120";"6";"0,0039";"12100,61";"8895,3"
"Blumenau";"4202404";"2025";"Trabalhadores Da Produção De Bens E Serviços Industriais";"Trabalhadores de tratamento de superfícies de metais e de compósitos (termoquímicos)";"Metalizador A Pistola";"723220";"6";"0,0039";"2512,53";"2151,28"
"Blumenau";"4202404";"2025";"Trabalhadores De Serviços Administrativos";"Auxiliares de serviços de documentação, informação e pesquisa";"Arquivista De Documentos";"415105";"6";"0,0039";"3266,04";"2913,37"
"Blumenau";"4202404";"2025";"Trabalhadores Agropecuários, Florestais E Da Pesca";"Supervisores na exploração agropecuária";"Supervisor De Exploração Agrícola";"620105";"6";"0,0039";"6050,68";"6395,23"
"Blumenau";"4202404";"2025";"Trabalhadores Da Produção De Bens E Serviços Industriais";"Trabalhadores de fundição de metais puros e de ligas metálicas";"Operador De Máquina De Fundição";"722220";"6";"0,0039";"3574,22";"2779,91"
"Blumenau";"4202404";"2025";"Profissionais Das Ciências E Das Artes";"Arquitetos e urbanistas";"Arquiteto Urbanista";"214125";"6";"0,0039";"11623,95";"12570,2"
"Blumenau";"4202404";"2025";"Trabalhadores Dos Serviços, Vendedores Do Comércio Em Lojas E Mercados";"Supervisores dos serviços de transporte, turismo, hotelaria e administração de edifícios";"Supervisor De Andar";"510115";"6";"0,0039";"2837,88";"2597,93"
"Blumenau";"4202404";"2025";"Trabalhadores Da Produção De Bens E Serviços Industriais";"Trabalhadores de cargas e descargas de mercadorias";"Carregador (Aeronaves)";"783205";"6";"0,0039";"2168,79";"1871,48"
"Blumenau";"4202404";"2025";"Trabalhadores Da Produção De Bens E Serviços Industriais";"Supervisores em indústria de madeira, mobiliário e da carpintaria veicular";"Mestre Carpinteiro";"770110";"6";"0,0039";"6127,66";"6331,91"
"Blumenau";"4202404";"2025";"Trabalhadores Da Produção De Bens E Serviços Industriais";"Preparadores de pasta para fabricação de papel";"Cilindreiro Na Preparação De Pasta Para Fabricação De Papel";"831105";"6";"0,0039";"3761,82";"3586,56"
"Blumenau";"4202404";"2025";"Profissionais Das Ciências E Das Artes";"Engenheiros civis e afins";"Engenheiro Civil (Saneamento)";"214260";"6";"0,0039";"12381,2";"10527,92"
"Blumenau";"4202404";"2025";"Trabalhadores De Serviços Administrativos";"Caixas e bilheteiros (exceto caixa de banco)";"Emissor De Passagens";"421120";"6";"0,0039";"4457,42";"3953,42"
"Blumenau";"4202404";"2025";"Trabalhadores Da Produção De Bens E Serviços Industriais";"Trabalhadores na operação de máquinas de terraplenagem e fundações";"Operador De Compactadora De Solos";"715110";"6";"0,0039";"3756,01";"3547,69"
"Blumenau";"4202404";"2025";"Trabalhadores Da Produção De Bens E Serviços Industriais";"Trabalhadores da confecção de artefatos de tecidos, couros e sintéticos";"Tapeceiro De Autos";"765240";"6";"0,0039";"3122,67";"2651,39"
"Blumenau";"4202404";"2025";"Profissionais Das Ciências E Das Artes";"Professores de artes do ensino superior";"Professor De Artes Visuais No Ensino Superior (Artes Plásticas E Multimídia)";"234910";"6";"0,0039";"3833,24";"3835,99"
"Blumenau";"4202404";"2025";"Técnicos De Nivel Médio";"Técnicos em geomática";"Técnico Em Hidrografia";"312315";"6";"0,0039";"7303,53";"6972,84"
"Blumenau";"4202404";"2025";"(nao classificado)";"";"(sem descricao no dicionario)";"322715";"6";"0,0039";"1736,78";"1746,83"
"Blumenau";"4202404";"2025";"Técnicos De Nivel Médio";"Técnicos de operação de registros sonoro/audiovisuais";"Assistente De Operações Audiovisuais";"373145";"6";"0,0039";"2767,43";"2026,56"
"Blumenau";"4202404";"2025";"Membros Superiores Do Poder Público, Dirigentes De Organizações De Interesse Público E De Empresas, Gerentes";"Gerentes de operações comerciais e de assistência técnica";"Comerciante Atacadista";"141405";"6";"0,0039";"8193,01";"5210,52"
"Blumenau";"4202404";"2025";"Trabalhadores Em Serviços De Reparação E Manutenção";"Mecânicos de manutenção de máquinas industriais";"Mecânico De Manutenção De Máquinas-Ferramentas (Usinagem De Metais)";"911325";"6";"0,0039";"3423,06";"3091,36"
"Blumenau";"4202404";"2025";"Trabalhadores Da Produção De Bens E Serviços Industriais";"Operadores da fiação";"Operador De Retorcedeira";"761260";"6";"0,0039";"2261,03";"2276,4"
"Blumenau";"4202404";"2025";"Profissionais Das Ciências E Das Artes";"Secretárias(os) executivas(os) e afins";"Tecnólogo Em Secretariado Escolar";"252320";"6";"0,0039";"4962,2";"6063,2"
"Blumenau";"4202404";"2025";"Profissionais Das Ciências E Das Artes";"Professores do ensino médio";"Professor De História No Ensino Médio";"232140";"6";"0,0039";"5912,94";"5404,12"
"Blumenau";"4202404";"2025";"Trabalhadores Da Produção De Bens E Serviços Industriais";"Pintores de obras e revestidores de interiores (revestimentos flexíveis)";"Revestidor De Interiores (Papel, Material Plástico E Emborrachados)";"716615";"6";"0,0039";"2529,44";"2415,59"
"Blumenau";"4202404";"2025";"Trabalhadores Dos Serviços, Vendedores Do Comércio Em Lojas E Mercados";"Trabalhadores da coleta e seleção de material reciclável";"Operador De Prensa De Material Reciclável";"519215";"6";"0,0039";"2868,08";"2827,11"
"Blumenau";"4202404";"2025";"Membros Superiores Do Poder Público, Dirigentes De Organizações De Interesse Público E De Empresas, Gerentes";"Diretores e gerentes de operações em empresa de serviços pessoais, sociais e culturais";"Gerente De Serviços Sociais";"131120";"6";"0,0039";"5874,94";"6583,08"
"Blumenau";"4202404";"2025";"Trabalhadores Dos Serviços, Vendedores Do Comércio Em Lojas E Mercados";"Trabalhadores dos serviços domésticos em geral";"Empregado Doméstico  Faxineiro";"512115";"6";"0,0039";"2172,18";"1798,38"
"Blumenau";"4202404";"2025";"Trabalhadores Da Produção De Bens E Serviços Industriais";"Trabalhadores na fabricação de cachaça, cerveja, vinhos e outras bebidas";"Cozinhador De Malte";"841730";"6";"0,0039";"3450,18";"2900,05"
"Blumenau";"4202404";"2025";"Profissionais Das Ciências E Das Artes";"Filólogos,tradutores ,intérpretes e afins";"Intérprete";"261410";"6";"0,0039";"4731,6";"4764,92"
"Blumenau";"4202404";"2025";"Trabalhadores Da Produção De Bens E Serviços Industriais";"Operadores de instalações de refrigeração e ar-condicionado";"Operador De Instalação De Ar-Condicionado";"862515";"6";"0,0039";"2762,76";"2711,28"
"Blumenau";"4202404";"2025";"Trabalhadores Da Produção De Bens E Serviços Industriais";"Mecânicos de instrumentos de precisão";"Montador De Instrumentos De Óptica";"741110";"6";"0,0039";"3510,2";"2676,51"
"Blumenau";"4202404";"2025";"Trabalhadores Da Produção De Bens E Serviços Industriais";"Condutores de processos robotizados";"Condutor De Processos Robotizados De Pintura";"781105";"6";"0,0039";"2752,01";"2543,67"
"Blumenau";"4202404";"2025";"Trabalhadores Dos Serviços, Vendedores Do Comércio Em Lojas E Mercados";"Tintureiros, lavadeiros e afins, a máquina";"Conferente-Expedidor De Roupas (Lavanderias)";"516335";"6";"0,0039";"2964,08";"2465,79"
"Blumenau";"4202404";"2025";"Membros Superiores Do Poder Público, Dirigentes De Organizações De Interesse Público E De Empresas, Gerentes";"Diretores gerais";"Diretor De Planejamento Estratégico";"121005";"6";"0,0039";"6811,41";"2850,57"
"Blumenau";"4202404";"2025";"Técnicos De Nivel Médio";"Representantes comerciais autônomos";"Representante Comercial Autônomo";"354705";"6";"0,0039";"3039,95";"2477,32"
"Blumenau";"4202404";"2025";"Profissionais Das Ciências E Das Artes";"Fotógrafos profissionais";"Fotógrafo";"261805";"6";"0,0039";"3602,07";"3485,38"
"Blumenau";"4202404";"2025";"Trabalhadores Dos Serviços, Vendedores Do Comércio Em Lojas E Mercados";"Supervisores dos serviços de transporte, turismo, hotelaria e administração de edifícios";"Chefe De Portaria De Hotel";"510120";"6";"0,0039";"3973,87";"4187,4"
"Blumenau";"4202404";"2025";"Trabalhadores Da Produção De Bens E Serviços Industriais";"Supervisores de usinagem, conformação e tratamento de metais";"Mestre De Soldagem";"720140";"6";"0,0039";"4945,05";"4444,45"
"Blumenau";"4202404";"2025";"Profissionais Das Ciências E Das Artes";"Engenheiros de controle e automação, engenheiros mecatrônicos e afins";"Tecnólogo Em Automação Industrial";"202120";"6";"0,0039";"7903,98";"5743,69"
"Blumenau";"4202404";"2025";"Trabalhadores Da Produção De Bens E Serviços Industriais";"Trabalhadores na operação de máquinas de concreto usinado e afins";"Operador De Central De Concreto";"715415";"6";"0,0039";"5649,27";"4390,67"
"Blumenau";"4202404";"2025";"Trabalhadores Agropecuários, Florestais E Da Pesca";"Trabalhadores de apoio à agricultura";"Trabalhador Volante Da Agricultura";"622020";"6";"0,0039";"2513,98";"2112,05"
"Blumenau";"4202404";"2025";"Profissionais Das Ciências E Das Artes";"Engenheiros eletricistas, eletrônicos e afins";"Engenheiro Eletrônico De Projetos";"214330";"6";"0,0039";"6941,4";"7639,03"
"Blumenau";"4202404";"2025";"Profissionais Das Ciências E Das Artes";"Professores de ciências biológicas e da saúde do ensino superior";"Professor De Nutrição";"234445";"6";"0,0039";"14330,76";"13556,92"
"Blumenau";"4202404";"2025";"Técnicos De Nivel Médio";"Técnicos e auxiliares de enfermagem";"Instrumentador Cirúrgico";"322225";"6";"0,0039";"5848,46";"3619,16"
"Blumenau";"4202404";"2025";"Técnicos De Nivel Médio";"Serventuários da justiça e afins";"Escrivão Extra - Judicial";"351415";"6";"0,0039";"12683,57";"8897,74"
"Blumenau";"4202404";"2025";"Membros Superiores Do Poder Público, Dirigentes De Organizações De Interesse Público E De Empresas, Gerentes";"Diretores de recursos humanos e relações de trabalho";"Diretor De Recursos Humanos";"123205";"6";"0,0039";"48580,29";"40390,63"
"Blumenau";"4202404";"2025";"Técnicos De Nivel Médio";"Designers de interiores, de vitrines e visual merchandiser e afins (nível médio)";"Decorador De Eventos";"375120";"6";"0,0039";"3495,59";"3487,3"
"Blumenau";"4202404";"2025";"Profissionais Das Ciências E Das Artes";"Psicólogos e psicanalistas";"Psicólogo Hospitalar";"251520";"6";"0,0039";"4608,23";"4624,39"
"Blumenau";"4202404";"2025";"Trabalhadores Da Produção De Bens E Serviços Industriais";"Trabalhadores de tratamento de superfícies de metais e de compósitos (termoquímicos)";"Operador De Máquina Recobridora De Arame";"723230";"6";"0,0039";"3598,42";"2904,84"
"Blumenau";"4202404";"2025";"Trabalhadores Da Produção De Bens E Serviços Industriais";"Operadores de máquinas de fabricar papel e papelão";"Operador De Máquina De Fabricar Papel (Fase Seca)";"832120";"6";"0,0039";"3886,64";"3272,33"
"Blumenau";"4202404";"2025";"Trabalhadores De Serviços Administrativos";"Recepcionistas";"Concierge";"422130";"6";"0,0039";"2405,25";"2397,79"
"Blumenau";"4202404";"2025";"Trabalhadores Da Produção De Bens E Serviços Industriais";"Trabalhadores da transformação de vidros planos";"Cortador De Vidro";"752210";"6";"0,0039";"2909,89";"2491,21"
"Blumenau";"4202404";"2025";"Trabalhadores De Serviços Administrativos";"Escriturários de serviços bancários";"Conferente De Serviços Bancários";"413220";"6";"0,0039";"3994,85";"3949,12"
"Blumenau";"4202404";"2025";"Profissionais Das Ciências E Das Artes";"Professores nas áreas de língua e literatura do ensino superior";"Professor De Língua Espanhola";"234620";"6";"0,0039";"6263,49";"5805,54"
"Blumenau";"4202404";"2025";"Profissionais Das Ciências E Das Artes";"Arquivistas e museólogos";"Arquivista";"261305";"5";"0,0032";"8907,22";"9328,91"
"Blumenau";"4202404";"2025";"Trabalhadores Agropecuários, Florestais E Da Pesca";"Tratadores polivalentes de animais";"Adestrador De Animais";"623005";"5";"0,0032";"1924,3";"1850,73"
"Blumenau";"4202404";"2025";"Profissionais Das Ciências E Das Artes";"Profissionais da administração dos serviços de segurança";"Gestor Em Segurança";"252605";"5";"0,0032";"19848,53";"17276,93"
"Blumenau";"4202404";"2025";"Trabalhadores De Serviços Administrativos";"Auxiliares de serviços de documentação, informação e pesquisa";"Codificador De Dados";"415115";"5";"0,0032";"2660,13";"2784,21"
"Blumenau";"4202404";"2025";"Trabalhadores Da Produção De Bens E Serviços Industriais";"Ajudantes de obras civis";"Operador De Martelete";"717010";"5";"0,0032";"2954,25";"3132,21"
"Blumenau";"4202404";"2025";"Profissionais Das Ciências E Das Artes";"Professores de ciências humanas do ensino superior";"Professor De Serviço Social Do Ensino Superior";"234765";"5";"0,0032";"9639,03";"9694,25"
"Blumenau";"4202404";"2025";"Trabalhadores Da Produção De Bens E Serviços Industriais";"Motoristas de veículos de cargas em geral";"Caminhoneiro Autônomo (Rotas Regionais E Internacionais)";"782505";"5";"0,0032";"2542,55";"2285,62"
"Blumenau";"4202404";"2025";"Trabalhadores Dos Serviços, Vendedores Do Comércio Em Lojas E Mercados";"Instaladores de produtos e acessórios";"Estampador De Placa De Identificação Veicular (Epiv)";"523125";"5";"0,0032";"2976,54";"3362,3"
"Blumenau";"4202404";"2025";"Profissionais Das Ciências E Das Artes";"Profissionais da educação física";"Preparador De Atleta";"224115";"5";"0,0032";"2733,28";"2608,9"
"Blumenau";"4202404";"2025";"Trabalhadores Dos Serviços, Vendedores Do Comércio Em Lojas E Mercados";"Motociclistas e ciclistas de entregas rápidas";"Ciclista Mensageiro";"519105";"5";"0,0032";"2407,65";"2612,2"
"Blumenau";"4202404";"2025";"Trabalhadores Da Produção De Bens E Serviços Industriais";"Operadores de tear e máquinas similares";"Tecelão (Tear Jacquard)";"761312";"5";"0,0032";"3223,32";"3183,56"
"Blumenau";"4202404";"2025";"Trabalhadores Da Produção De Bens E Serviços Industriais";"Trabalhadores da indústria de beneficiamento de grãos, cereais e afins";"Operador De Processo De Moagem";"841115";"5";"0,0032";"4196,66";"2329,01"
"Blumenau";"4202404";"2025";"Trabalhadores Da Produção De Bens E Serviços Industriais";"Trabalhadores da extração de minerais líquidos e gasosos";"Operador De Sonda De Percussão";"711305";"5";"0,0032";"3028,85";"2876,78"
"Blumenau";"4202404";"2025";"Técnicos De Nivel Médio";"Técnicos em artes gráficas";"Técnico Gráfico";"371310";"5";"0,0032";"6178,58";"4088,44"
"Blumenau";"4202404";"2025";"Técnicos De Nivel Médio";"Técnicos em calibração e instrumentação";"Encarregado De Manutenção De Instrumentos De Controle, Medição E Similares";"313415";"5";"0,0032";"3940,07";"3559,16"
"Blumenau";"4202404";"2025";"Trabalhadores Da Produção De Bens E Serviços Industriais";"Operadores de equipamentos na fabricação de pães, massas alimentícias, doces, chocolates e achocolatados";"Operador De Máquinas De Fabricação De Chocolates E Achocolatados";"841815";"5";"0,0032";"2677,1";"2358,71"
"Blumenau";"4202404";"2025";"Membros Superiores Do Poder Público, Dirigentes De Organizações De Interesse Público E De Empresas, Gerentes";"Gerentes de operações de serviços em instituição de intermediação financeira";"Gerente De Câmbio E Comércio Exterior";"141715";"5";"0,0032";"13408,0";"9805,51"
"Blumenau";"4202404";"2025";"Trabalhadores Da Produção De Bens E Serviços Industriais";"Trabalhadores de soldagem e corte de ligas metálicas";"Soldador A  Oxigás";"724320";"5";"0,0032";"5172,98";"4474,1"
"Blumenau";"4202404";"2025";"Trabalhadores Da Produção De Bens E Serviços Industriais";"Operadores de máquina de usinar madeira (produção em série)";"Operador De Máquina Bordatriz";"773405";"5";"0,0032";"2929,09";"2917,64"
"Blumenau";"4202404";"2025";"Trabalhadores Dos Serviços, Vendedores Do Comércio Em Lojas E Mercados";"Trabalhadores em serviços de promoção e apoio à saúde";"Atendente De Enfermagem";"515110";"5";"0,0032";"3268,17";"3233,39"
"Blumenau";"4202404";"2025";"Trabalhadores Dos Serviços, Vendedores Do Comércio Em Lojas E Mercados";"Tintureiros, lavadeiros e afins, a máquina";"Lavador De Roupas  A Maquina";"516310";"5";"0,0032";"3111,83";"2373,02"
"Blumenau";"4202404";"2025";"Trabalhadores Dos Serviços, Vendedores Do Comércio Em Lojas E Mercados";"Trabalhadores nos serviços de embelezamento e higiene";"Cabeleireiro";"516110";"5";"0,0032";"1744,88";"1476,34"
"Blumenau";"4202404";"2025";"Técnicos De Nivel Médio";"Agentes  fiscais metrológicos e de qualidade";"Metrologista";"352305";"5";"0,0032";"5681,75";"4760,96"
"Blumenau";"4202404";"2025";"Profissionais Das Ciências E Das Artes";"Engenheiros químicos e afins";"Engenheiro Químico";"214505";"5";"0,0032";"8263,86";"7604,6"
"Blumenau";"4202404";"2025";"Trabalhadores Da Produção De Bens E Serviços Industriais";"Mecânicos de instrumentos de precisão";"Relojoeiro (Reparação)";"741125";"5";"0,0032";"2559,26";"2170,76"
"Blumenau";"4202404";"2025";"Trabalhadores Dos Serviços, Vendedores Do Comércio Em Lojas E Mercados";"Cuidadores de crianças, jovens, adultos e idosos";"Babá";"516205";"5";"0,0032";"";""
"Blumenau";"4202404";"2025";"Profissionais Das Ciências E Das Artes";"Produtores artísticos e culturais";"Tecnólogo Em Produção Audiovisual";"262135";"5";"0,0032";"3290,59";"3417,7"
"Blumenau";"4202404";"2025";"Profissionais Das Ciências E Das Artes";"Programadores, avaliadores e orientadores de ensino";"Psicopedagogo";"239425";"5";"0,0032";"6446,16";"6868,07"
"Blumenau";"4202404";"2025";"Técnicos De Nivel Médio";"Agentes  fiscais metrológicos e de qualidade";"Agente Fiscal De Qualidade";"352310";"5";"0,0032";"3963,93";"4449,38"
"Blumenau";"4202404";"2025";"Trabalhadores Agropecuários, Florestais E Da Pesca";"Extrativistas e reflorestadores de espécies produtoras de madeira";"Operador De Motosserra";"632120";"5";"0,0032";"3378,13";"3553,6"
"Blumenau";"4202404";"2025";"Técnicos De Nivel Médio";"Técnicos em montagem, edição e finalização de mídia audiovisual";"Diretor De Imagens (Tv)";"374425";"5";"0,0032";"1177,92";"999,24"
"Blumenau";"4202404";"2025";"Trabalhadores Em Serviços De Reparação E Manutenção";"Mecânicos de manutenção de bombas, motores, compressores e equipamentos de transmissão";"Mecânico De Manutenção De Bombas";"911110";"5";"0,0032";"10158,16";"12045,75"
"Blumenau";"4202404";"2025";"Trabalhadores Da Produção De Bens E Serviços Industriais";"Trabalhadores aquaviários";"Marinheiro De Esporte E Recreio";"782725";"5";"0,0032";"8840,55";"4650,0"
"Blumenau";"4202404";"2025";"Trabalhadores Da Produção De Bens E Serviços Industriais";"Supervisores na fabricação de materiais para construção (vidros e cerâmicas)";"Supervisor De Fabricação De Produtos Cerâmicos, Porcelanatos E Afins";"820205";"5";"0,0032";"6818,29";"7109,04"
"Blumenau";"4202404";"2025";"Técnicos De Nivel Médio";"Técnicos em áudio";"Sonoplasta";"374150";"5";"0,0032";"1938,88";"1781,89"
"Blumenau";"4202404";"2025";"Trabalhadores Da Produção De Bens E Serviços Industriais";"Trabalhadores artesanais na conservação de alimentos";"Salsicheiro (Fabricação De Lingüiça, Salsicha E Produtos Similares)";"848115";"5";"0,0032";"3850,76";"3610,14"
"Blumenau";"4202404";"2025";"Trabalhadores Dos Serviços, Vendedores Do Comércio Em Lojas E Mercados";"Trabalhadores nos serviços de coleta de resíduos, de limpeza e conservação de áreas públicas";"Coletor De Lixo Domiciliar";"514205";"5";"0,0032";"607,2";"607,2"
"Blumenau";"4202404";"2025";"Trabalhadores Da Produção De Bens E Serviços Industriais";"Supervisores da indústria têxtil";"Contramestre De Fiação (Indústria Têxtil)";"760110";"5";"0,0032";"3654,86";"3215,46"
"Blumenau";"4202404";"2025";"Profissionais Das Ciências E Das Artes";"Professores do ensino médio";"Professor De Língua Estrangeira Moderna No Ensino Médio";"232150";"5";"0,0032";"3872,61";"1708,66"
"Blumenau";"4202404";"2025";"Trabalhadores Da Produção De Bens E Serviços Industriais";"Aplicadores de revestimentos cerâmicos, pastilhas, pedras e madeiras";"Assoalhador";"716505";"5";"0,0032";"2534,55";"2394,19"
"Blumenau";"4202404";"2025";"Técnicos De Nivel Médio";"Técnicos em áudio";"Técnico Em Sonorização";"374125";"5";"0,0032";"3401,83";"3200,7"
"Blumenau";"4202404";"2025";"Trabalhadores Da Produção De Bens E Serviços Industriais";"Magarefes e afins";"Magarefe";"848520";"5";"0,0032";"2886,87";"2862,51"
"Blumenau";"4202404";"2025";"Trabalhadores Em Serviços De Reparação E Manutenção";"Instaladores e mantenedores eletromecânicos de elevadores, escadas e portas automáticas";"Eletromecânico De Manutenção De Portas Automáticas";"954115";"4";"0,0026";"7245,39";"7814,55"
"Blumenau";"4202404";"2025";"Profissionais Das Ciências E Das Artes";"Engenheiros ambientais e afins";"Tecnólogo Em Meio Ambiente";"214010";"4";"0,0026";"7359,15";"7374,32"
"Blumenau";"4202404";"2025";"Profissionais Das Ciências E Das Artes";"Profissionais de planejamento, programação e controles logisticos";"Analista De Projetos Logisticos";"252720";"4";"0,0026";"3861,16";"3139,97"
"Blumenau";"4202404";"2025";"Trabalhadores Dos Serviços, Vendedores Do Comércio Em Lojas E Mercados";"Instaladores de produtos e acessórios";"Chaveiro";"523115";"4";"0,0026";"2128,98";"1904,52"
"Blumenau";"4202404";"2025";"Trabalhadores Dos Serviços, Vendedores Do Comércio Em Lojas E Mercados";"Trabalhadores da coleta e seleção de material reciclável";"Catador De Material Reciclável";"519205";"4";"0,0026";"2782,39";"2624,05"
"Blumenau";"4202404";"2025";"Trabalhadores Da Produção De Bens E Serviços Industriais";"Cigarreiros e beneficiadores de fumo";"Processador De Fumo";"842110";"4";"0,0026";"3081,92";"2225,15"
"Blumenau";"4202404";"2025";"Trabalhadores Da Produção De Bens E Serviços Industriais";"Operadores de tear e máquinas similares";"Passamaneiro A  Máquina";"761360";"4";"0,0026";"2422,63";"2064,51"
"Blumenau";"4202404";"2025";"Trabalhadores Da Produção De Bens E Serviços Industriais";"Operadores de máquinas a vapor e utilidades";"Operador De Compressor De Ar";"862130";"4";"0,0026";"3587,42";"3688,52"
"Blumenau";"4202404";"2025";"Trabalhadores Da Produção De Bens E Serviços Industriais";"Operadores de máquinas para bordado e acabamento de roupas";"Marcador De Peças Confeccionadas Para Bordar";"763315";"4";"0,0026";"1913,02";"1869,08"
"Blumenau";"4202404";"2025";"Trabalhadores Em Serviços De Reparação E Manutenção";"Reparadores de aparelhos eletrodomésticos";"Reparador De Aparelhos Eletrodomésticos (Exceto Imagem E Som)";"954205";"4";"0,0026";"3807,53";"3416,56"
"Blumenau";"4202404";"2025";"Trabalhadores Agropecuários, Florestais E Da Pesca";"Extrativistas e reflorestadores de espécies produtoras de madeira";"Identificador Florestal";"632115";"4";"0,0026";"2898,63";"2730,07"
"Blumenau";"4202404";"2025";"Trabalhadores Da Produção De Bens E Serviços Industriais";"Operadores de máquinas e equipamentos de elevação";"Sinaleiro (Ponte-Rolante)";"782145";"4";"0,0026";"2733,39";"2581,05"
"Blumenau";"4202404";"2025";"Trabalhadores Da Produção De Bens E Serviços Industriais";"Trabalhadores de montagem de estruturas de madeira, metal e compósitos em obras civis";"Carpinteiro De Fôrmas Para Concreto";"715535";"4";"0,0026";"3097,16";"3069,18"
"Blumenau";"4202404";"2025";"Profissionais Das Ciências E Das Artes";"Profissionais da educação física";"Ludomotricista";"224110";"4";"0,0026";"3839,03";"3353,56"
"Blumenau";"4202404";"2025";"Técnicos De Nivel Médio";"Técnicos em artes gráficas";"Técnico Em Programação Visual";"371305";"4";"0,0026";"4034,51";"3757,05"
"Blumenau";"4202404";"2025";"Profissionais Das Ciências E Das Artes";"Psicólogos e psicanalistas";"Psicólogo Social";"251530";"4";"0,0026";"4801,43";"4599,39"
"Blumenau";"4202404";"2025";"Trabalhadores De Serviços Administrativos";"Operadores de telefonia";"Teleoperador";"422210";"4";"0,0026";"1569,8";"1589,0"
"Blumenau";"4202404";"2025";"Profissionais Das Ciências E Das Artes";"Profissionais do jornalismo";"Revisor De Texto";"261140";"4";"0,0026";"5893,47";"2182,41"
"Blumenau";"4202404";"2025";"Profissionais Das Ciências E Das Artes";"Profissionais de comercializacão e consultoria de serviços bancários";"Gerente De Captação (Fundos E Investimentos Institucionais)";"253205";"4";"0,0026";"16928,06";"11651,97"
"Blumenau";"4202404";"2025";"Trabalhadores Da Produção De Bens E Serviços Industriais";"Trabalhadores de laboratório fotográfico e radiológico";"Laboratorista Fotográfico";"766405";"4";"0,0026";"2369,32";"2056,24"
"Blumenau";"4202404";"2025";"Profissionais Das Ciências E Das Artes";"Engenheiros de controle e automação, engenheiros mecatrônicos e afins";"Engenheiro De Controle E Automação";"202110";"4";"0,0026";"8718,89";"8563,63"
"Blumenau";"4202404";"2025";"Trabalhadores Da Produção De Bens E Serviços Industriais";"Trabalhadores na operação de máquinas de terraplenagem e fundações";"Operador De Bate-Estacas";"715105";"4";"0,0026";"2512,42";"2512,42"
"Blumenau";"4202404";"2025";"Técnicos De Nivel Médio";"Técnicos em áudio";"Técnico Em Gravação De Áudio";"374105";"4";"0,0026";"4499,24";"2835,63"
"Blumenau";"4202404";"2025";"Trabalhadores Da Produção De Bens E Serviços Industriais";"Operadores de máquinas de conformação de metais";"Operador De Máquina De Cilindrar Chapas";"724505";"4";"0,0026";"3137,05";"2701,86"
"Blumenau";"4202404";"2025";"Trabalhadores Em Serviços De Reparação E Manutenção";"Mecânicos de manutenção de bombas, motores, compressores e equipamentos de transmissão";"Mecânico De Manutenção De Compressores De Ar";"911115";"4";"0,0026";"3674,65";"3413,08"
"Blumenau";"4202404";"2025";"Técnicos De Nivel Médio";"Técnicos e auxiliares de enfermagem";"Auxiliar De Enfermagem Do Trabalho";"322235";"4";"0,0026";"4483,91";"4063,63"
"Blumenau";"4202404";"2025";"Profissionais Das Ciências E Das Artes";"Professores de matemática, estatística e informática do ensino superior";"Professor De Pesquisa Operacional (No Ensino Superior)";"234125";"4";"0,0026";"8885,97";"5377,87"
"Blumenau";"4202404";"2025";"Técnicos De Nivel Médio";"Designers de interiores, de vitrines e visual merchandiser e afins (nível médio)";"Designer De Interiores";"375105";"4";"0,0026";"3372,1";"1959,77"
"Blumenau";"4202404";"2025";"Trabalhadores Dos Serviços, Vendedores Do Comércio Em Lojas E Mercados";"Outros trabalhadores dos serviços";"Leiturista";"519940";"4";"0,0026";"3228,63";"3181,63"
"Blumenau";"4202404";"2025";"Trabalhadores Agropecuários, Florestais E Da Pesca";"Trabalhadores da mecanização agrícola";"Operador De Máquinas De Beneficiamento De Produtos Agrícolas";"641010";"4";"0,0026";"8274,08";"7899,16"
"Blumenau";"4202404";"2025";"Membros Superiores Do Poder Público, Dirigentes De Organizações De Interesse Público E De Empresas, Gerentes";"Gerentes de operações de serviços em instituição de intermediação financeira";"Gerente De Recuperação De Crédito";"141735";"4";"0,0026";"17221,8";"9224,93"
"Blumenau";"4202404";"2025";"Trabalhadores Dos Serviços, Vendedores Do Comércio Em Lojas E Mercados";"Tintureiros, lavadeiros e afins, a máquina";"Limpador A Seco, À Máquina";"516320";"4";"0,0026";"2155,72";"1916,05"
"Blumenau";"4202404";"2025";"Trabalhadores Em Serviços De Reparação E Manutenção";"Mecânicos de manutenção de bombas, motores, compressores e equipamentos de transmissão";"Mecânico De Manutenção De Motores Diesel (Exceto De Veículos Automotores)";"911120";"4";"0,0026";"4625,79";"3555,56"
"Blumenau";"4202404";"2025";"Técnicos De Nivel Médio";"Desenhistas técnicos da construção civil e arquitetura";"Desenhista Técnico (Construção Civil)";"318115";"4";"0,0026";"4905,67";"3638,67"
"Blumenau";"4202404";"2025";"Técnicos De Nivel Médio";"Especialistas em logística de transportes";"Afretador";"342120";"4";"0,0026";"2381,04";"2135,03"
"Blumenau";"4202404";"2025";"Trabalhadores Da Produção De Bens E Serviços Industriais";"Supervisores da fabricação de alimentos, bebidas e fumo";"Supervisor Da Indústria De Bebidas";"840110";"4";"0,0026";"3789,14";"3205,48"
"Blumenau";"4202404";"2025";"Membros Superiores Do Poder Público, Dirigentes De Organizações De Interesse Público E De Empresas, Gerentes";"Diretores de operações de serviços em instituição de intermediação financeira";"Diretor Comercial Em Operações De Intermediação Financeira";"122705";"4";"0,0026";"19060,11";"23386,0"
"Blumenau";"4202404";"2025";"Profissionais Das Ciências E Das Artes";"Profissionais da educação física";"Treinador Profissional De Futebol";"224135";"4";"0,0026";"2476,18";"2000,0"
"Blumenau";"4202404";"2025";"Profissionais Das Ciências E Das Artes";"Fisioterapeutas";"Fisioterapeuta  Do Trabalho";"223660";"4";"0,0026";"2224,47";"840,22"
"Blumenau";"4202404";"2025";"Trabalhadores Da Produção De Bens E Serviços Industriais";"Operadores de máquinas na confecção de artefatos de  couro";"Costurador De Artefatos De Couro, A  Máquina (Exceto Roupas E Calçados)";"765310";"4";"0,0026";"2458,33";"2094,39"
"Blumenau";"4202404";"2025";"Profissionais Das Ciências E Das Artes";"Engenheiros eletricistas, eletrônicos e afins";"Tecnólogo Em Eletrônica";"214365";"4";"0,0026";"2918,86";"2897,63"
"Blumenau";"4202404";"2025";"Membros Superiores Do Poder Público, Dirigentes De Organizações De Interesse Público E De Empresas, Gerentes";"Gerentes operacionais da aviação civil";"Gerente De Empresa Aérea E Empresa De Serviços Auxiliares Ao Transporte Aéreo (Esata) Em Aeroportos";"141810";"4";"0,0026";"5083,22";"4675,0"
"Blumenau";"4202404";"2025";"Trabalhadores Da Produção De Bens E Serviços Industriais";"Operadores de máquinas a vapor e utilidades";"Operador De Abastecimento De Combustível De Aeronave";"862160";"4";"0,0026";"2136,04";"2060,76"
"Blumenau";"4202404";"2025";"Trabalhadores Da Produção De Bens E Serviços Industriais";"Trabalhadores de acabamento, tingimento e estamparia das indústrias têxteis";"Alvejador (Tecidos)";"761405";"4";"0,0026";"3713,36";"3713,36"
"Blumenau";"4202404";"2025";"Profissionais Das Ciências E Das Artes";"Produtores artísticos e culturais";"Produtor De Televisão";"262125";"4";"0,0026";"3492,31";"3434,72"
"Blumenau";"4202404";"2025";"Técnicos De Nivel Médio";"Técnicos em operações e serviços bancários";"Chefe De Serviços Bancários";"353235";"4";"0,0026";"6483,87";"6456,5"
"Blumenau";"4202404";"2025";"Trabalhadores Dos Serviços, Vendedores Do Comércio Em Lojas E Mercados";"Porteiros, vigias e afins";"Porteiro (Hotel)";"517405";"4";"0,0026";"2394,38";"1959,23"
"Blumenau";"4202404";"2025";"Trabalhadores Da Produção De Bens E Serviços Industriais";"Trabalhadores do acabamento de artefatos de tecidos e couros";"Trabalhador Do Acabamento De Artefatos De Tecidos E Couros";"765405";"4";"0,0026";"2237,59";"2124,12"
"Blumenau";"4202404";"2025";"Trabalhadores Da Produção De Bens E Serviços Industriais";"Mecânicos montadores de motores e turboalimentadores";"Mecânico Montador De Motores De Explosão E Diesel";"725415";"4";"0,0026";"6379,46";"4668,74"
"Blumenau";"4202404";"2025";"Trabalhadores Da Produção De Bens E Serviços Industriais";"Operadores de máquinas e instalações de produtos farmacêuticos, cosméticos e afins";"Operador De Máquina De Fabricação De Cosméticos";"811815";"4";"0,0026";"4244,29";"3400,74"
"Blumenau";"4202404";"2025";"Trabalhadores Da Produção De Bens E Serviços Industriais";"Aplicadores de revestimentos cerâmicos, pastilhas, pedras e madeiras";"Pastilheiro";"716515";"4";"0,0026";"1370,96";"1290,32"
"Blumenau";"4202404";"2025";"Trabalhadores Da Produção De Bens E Serviços Industriais";"Trabalhadores de forjamento de metais";"Forjador";"722105";"4";"0,0026";"3543,86";"3468,83"
"Blumenau";"4202404";"2025";"Trabalhadores De Serviços Administrativos";"Operadores de equipamentos de entrada e transmissão de dados";"Supervisor De Digitação E Operação";"412120";"4";"0,0026";"4653,34";"3979,77"
"Blumenau";"4202404";"2025";"Profissionais Das Ciências E Das Artes";"Professores de artes do ensino superior";"Professor De Música No Ensino Superior";"234915";"4";"0,0026";"10009,39";"3836,96"
"Blumenau";"4202404";"2025";"Trabalhadores Da Produção De Bens E Serviços Industriais";"Profissionais polivalentes da confecção de roupas";"Alfaiate";"763005";"4";"0,0026";"4184,23";"3730,01"
"Blumenau";"4202404";"2025";"Trabalhadores Em Serviços De Reparação E Manutenção";"Conservadores de vias permanentes (trilhos)";"Operador De Máquinas Especiais Em Conservação De Via Permanente (Trilhos)";"991115";"4";"0,0026";"2776,04";"2823,9"
"Blumenau";"4202404";"2025";"Trabalhadores Da Produção De Bens E Serviços Industriais";"Preparadores e operadores de máquinas-ferramenta convencionais";"Operador De Usinagem Convencional Por Abrasão";"721220";"4";"0,0026";"6251,56";"6626,49"
"Blumenau";"4202404";"2025";"Trabalhadores Da Produção De Bens E Serviços Industriais";"Trabalhadores da transformação de vidros planos";"Aplicador Serigráfico Em Vidros";"752205";"4";"0,0026";"3785,76";"2995,67"
"Blumenau";"4202404";"2025";"Trabalhadores Da Produção De Bens E Serviços Industriais";"Trabalhadores de moldagem de metais e de ligas metálicas";"Moldador, A  Máquina";"722320";"4";"0,0026";"4645,32";"3965,02"
"Blumenau";"4202404";"2025";"Trabalhadores De Serviços Administrativos";"Entrevistadores e recenseadores";"Entrevistador De Preços";"424120";"4";"0,0026";"2623,96";"2410,48"
"Blumenau";"4202404";"2025";"Profissionais Das Ciências E Das Artes";"Médicos clínicos";"Médico Psiquiatra";"225133";"4";"0,0026";"8484,09";"6498,41"
"Blumenau";"4202404";"2025";"Trabalhadores Da Produção De Bens E Serviços Industriais";"Supervisores de usinagem, conformação e tratamento de metais";"Mestre De Fundição";"720125";"4";"0,0026";"15150,66";"12513,71"
"Blumenau";"4202404";"2025";"Técnicos De Nivel Médio";"Técnico em farmácia e em manipulação farmacêutica";"Técnico Em Farmácia";"325115";"4";"0,0026";"5675,01";"2874,78"
"Blumenau";"4202404";"2025";"Trabalhadores Da Produção De Bens E Serviços Industriais";"Supervisores de usinagem, conformação e tratamento de metais";"Mestre De Pintura (Tratamento De Superfícies)";"720135";"4";"0,0026";"3820,63";"3122,03"
"Blumenau";"4202404";"2025";"Trabalhadores Da Produção De Bens E Serviços Industriais";"Supervisores de vidraria, cerâmica e afins";"Supervisor Da Indústria De Minerais Não Metálicos (Exceto Os Derivados De Petróleo E Carvão)";"750205";"4";"0,0026";"10600,95";"7914,4"
"Blumenau";"4202404";"2025";"Profissionais Das Ciências E Das Artes";"Professores do ensino médio";"Professor De Artes No Ensino Médio";"232105";"4";"0,0026";"4085,79";"3473,37"
"Blumenau";"4202404";"2025";"Profissionais Das Ciências E Das Artes";"Profissionais em pesquisa e análise geográfica";"Geógrafo";"251305";"4";"0,0026";"11153,89";"7047,07"
"Blumenau";"4202404";"2025";"Trabalhadores De Serviços Administrativos";"Recepcionistas";"Recepcionista De Seguro Saúde";"422115";"4";"0,0026";"2385,43";"2562,9"
"Blumenau";"4202404";"2025";"Técnicos De Nivel Médio";"Professores práticos no ensino profissionalizante";"Professor Prático No Ensino Profissionalizante";"332205";"4";"0,0026";"2479,98";"2241,15"
"Blumenau";"4202404";"2025";"Profissionais Das Ciências E Das Artes";"Professores do ensino médio";"Professor De Sociologia No Ensino Médio";"232170";"4";"0,0026";"1726,9";"858,67"
"Blumenau";"4202404";"2025";"Trabalhadores Da Produção De Bens E Serviços Industriais";"Montadores de equipamentos eletroeletrônicos";"Montador De Equipamentos Elétricos (Motores E Dínamos)";"731130";"3";"0,0019";"4309,0";"4275,78"
"Blumenau";"4202404";"2025";"Técnicos De Nivel Médio";"Coloristas";"Colorista De Papel";"311705";"3";"0,0019";"6303,53";"6044,95"
"Blumenau";"4202404";"2025";"Membros Superiores Do Poder Público, Dirigentes De Organizações De Interesse Público E De Empresas, Gerentes";"Diretores e gerentes de operações em empresa de serviços pessoais, sociais e culturais";"Diretor De Serviços Culturais";"131105";"3";"0,0019";"11179,52";"10634,03"
"Blumenau";"4202404";"2025";"Trabalhadores Da Produção De Bens E Serviços Industriais";"Profissionais polivalentes da confecção de roupas";"Costureiro De Roupa De Couro E Pele";"763020";"3";"0,0019";"2803,54";"2533,26"
"Blumenau";"4202404";"2025";"Profissionais Das Ciências E Das Artes";"Arquitetos e urbanistas";"Arquiteto De Interiores";"214110";"3";"0,0019";"7430,5";"5090,47"
"Blumenau";"4202404";"2025";"Trabalhadores Da Produção De Bens E Serviços Industriais";"Vidreiros e ceramistas (arte e decoração)";"Decorador De Vidro";"752410";"3";"0,0019";"2044,51";"2061,3"
"Blumenau";"4202404";"2025";"Profissionais Das Ciências E Das Artes";"Professores na área de formação pedagógica do ensino superior";"Professor De Ensino Superior Na Área De Orientação Educacional";"234510";"3";"0,0019";"5805,02";"1496,01"
"Blumenau";"4202404";"2025";"Trabalhadores Dos Serviços, Vendedores Do Comércio Em Lojas E Mercados";"Trabalhadores auxiliares dos serviços funerários";"Operador De Forno (Serviços Funerários)";"516605";"3";"0,0019";"3996,61";"3825,0"
"Blumenau";"4202404";"2025";"Trabalhadores Da Produção De Bens E Serviços Industriais";"Trabalhadores de beneficiamento de minérios";"Operador De Britador De Mandíbulas";"712120";"3";"0,0019";"5960,93";"6548,41"
"Blumenau";"4202404";"2025";"Trabalhadores Da Produção De Bens E Serviços Industriais";"Operadores de fornos de primeira  fusão e aciaria";"Forneiro E Operador (Refino De Metais Não-Ferrosos)";"821220";"3";"0,0019";"2481,35";"2288,04"
"Blumenau";"4202404";"2025";"Trabalhadores De Serviços Administrativos";"Cobradores e afins";"Localizador (Cobrador)";"421315";"3";"0,0019";"";""
"Blumenau";"4202404";"2025";"Profissionais Das Ciências E Das Artes";"Professores de ciências humanas do ensino superior";"Professor De Ciência Política Do Ensino Superior";"234720";"3";"0,0019";"5794,62";"4174,75"
"Blumenau";"4202404";"2025";"Profissionais Das Ciências E Das Artes";"Tabeliães e registradores";"Oficial Do Registro De Imóveis";"241325";"3";"0,0019";"12069,7";"13337,17"
"Blumenau";"4202404";"2025";"Trabalhadores Da Produção De Bens E Serviços Industriais";"Operadores de tear e máquinas similares";"Tecelão De Tapetes, A  Máquina";"761345";"3";"0,0019";"2149,91";"2085,43"
"Blumenau";"4202404";"2025";"Trabalhadores Da Produção De Bens E Serviços Industriais";"Operadores de equipamentos de moagem e mistura de materiais (tratamentos químicos e afins)";"Trabalhador De Fabricação De Tintas";"811130";"3";"0,0019";"3149,79";"3211,37"
"Blumenau";"4202404";"2025";"Profissionais Das Ciências E Das Artes";"Músicos compositores, arranjadores, regentes e musicólogos";"Músico Arranjador";"262610";"3";"0,0019";"2681,34";"2521,4"
"Blumenau";"4202404";"2025";"Trabalhadores Da Produção De Bens E Serviços Industriais";"Operadores de máquinas de desdobramento da madeira";"Serrador De Madeira (Serra Circular Múltipla)";"773125";"3";"0,0019";"2946,71";"3144,79"
"Blumenau";"4202404";"2025";"Trabalhadores Da Produção De Bens E Serviços Industriais";"Trabalhadores da transformação de vidros planos";"Gravador De Vidro A  Jato De Areia";"752225";"3";"0,0019";"3718,28";"3036,73"
"Blumenau";"4202404";"2025";"Membros Superiores Do Poder Público, Dirigentes De Organizações De Interesse Público E De Empresas, Gerentes";"Gerentes de operações de serviços em empresa de transporte, de comunicação e de logística (armazenagem e distribuição)";"Gerente De Operações De Correios E Telecomunicações";"141610";"3";"0,0019";"5639,93";"6140,81"
"Blumenau";"4202404";"2025";"Profissionais Das Ciências E Das Artes";"Fonoaudiólogos";"Fonoaudiólogo Em Audiologia";"223820";"3";"0,0019";"6511,98";"6078,65"
"Blumenau";"4202404";"2025";"Trabalhadores Dos Serviços, Vendedores Do Comércio Em Lojas E Mercados";"Trabalhadores de segurança e atendimento aos usuários nos transportes";"Comissário De Trem";"511110";"3";"0,0019";"7835,76";"7210,43"
"Blumenau";"4202404";"2025";"Técnicos De Nivel Médio";"Corretores de seguros";"Corretor De Seguros";"354505";"3";"0,0019";"2028,18";"2238,6"
"Blumenau";"4202404";"2025";"Trabalhadores Da Produção De Bens E Serviços Industriais";"Montadores de veículos automotores (linha de montagem)";"Montador De Veículos (Linha De Montagem)";"725505";"3";"0,0019";"2444,7";"2433,92"
"Blumenau";"4202404";"2025";"Trabalhadores Da Produção De Bens E Serviços Industriais";"Operadores de máquina de usinar madeira (produção em série)";"Operador De Máquina De Usinagem De Madeira (Produção Em Série)";"773415";"3";"0,0019";"3494,03";"3656,87"
"Blumenau";"4202404";"2025";"Membros Superiores Do Poder Público, Dirigentes De Organizações De Interesse Público E De Empresas, Gerentes";"Diretores de suprimentos e afins";"Diretor De Suprimentos";"123405";"3";"0,0019";"40892,46";"41415,49"
"Blumenau";"4202404";"2025";"Trabalhadores Dos Serviços, Vendedores Do Comércio Em Lojas E Mercados";"Trabalhadores de atenção, defesa e proteção a pessoas em situação de risco e adolescentes em conflito com a lei";"Agente De Ação Social";"515310";"3";"0,0019";"2996,84";"2897,15"
"Blumenau";"4202404";"2025";"Profissionais Das Ciências E Das Artes";"Professores de ciências físicas, químicas e afins do ensino superior";"Professor De Física (Ensino Superior)";"234205";"3";"0,0019";"12743,47";"13447,59"
"Blumenau";"4202404";"2025";"Trabalhadores Da Produção De Bens E Serviços Industriais";"Trabalhadores da pintura de equipamentos, veículos, estruturas metálicas e de compósitos";"Operador De Equipamento De Secagem De Pintura";"723305";"3";"0,0019";"3173,65";"2937,65"
"Blumenau";"4202404";"2025";"Profissionais Das Ciências E Das Artes";"Engenheiros mecânicos e afins";"Engenheiro Mecânico Industrial";"214420";"3";"0,0019";"8211,01";"6202,93"
"Blumenau";"4202404";"2025";"Técnicos De Nivel Médio";"Técnicos em necrópsia e taxidermistas";"Taxidermista";"328110";"3";"0,0019";"8451,67";"8340,82"
"Blumenau";"4202404";"2025";"Trabalhadores Da Produção De Bens E Serviços Industriais";"Supervisores da fabricação de celulose e papel";"Mestre (Indústria De Celulose, Papel E Papelão)";"830105";"3";"0,0019";"5057,58";"4230,15"
"Blumenau";"4202404";"2025";"Profissionais Das Ciências E Das Artes";"Professores de ciências humanas do ensino superior";"Professor De Sociologia Do Ensino Superior";"234770";"3";"0,0019";"14642,59";"16733,31"
"Blumenau";"4202404";"2025";"Profissionais Das Ciências E Das Artes";"Engenheiros civis e afins";"Engenheiro Civil (Estruturas Metálicas)";"214220";"3";"0,0019";"8627,98";"7530,37"
"Blumenau";"4202404";"2025";"Trabalhadores Dos Serviços, Vendedores Do Comércio Em Lojas E Mercados";"Outros trabalhadores dos serviços";"Recepcionista De Casas De Espetáculos";"519945";"3";"0,0019";"1349,63";"1146,86"
"Blumenau";"4202404";"2025";"Trabalhadores Da Produção De Bens E Serviços Industriais";"Trabalhadores de soldagem e corte de ligas metálicas";"Soldador Elétrico";"724325";"3";"0,0019";"3318,61";"3550,49"
"Blumenau";"4202404";"2025";"Profissionais Das Ciências E Das Artes";"Arquitetos e urbanistas";"Arquiteto Paisagista";"214120";"3";"0,0019";"3976,12";"3312,36"
"Blumenau";"4202404";"2025";"Trabalhadores Dos Serviços, Vendedores Do Comércio Em Lojas E Mercados";"Supervisores dos serviços de transporte, turismo, hotelaria e administração de edifícios";"Administrador De Edifícios";"510110";"3";"0,0019";"6779,07";"5127,53"
"Blumenau";"4202404";"2025";"Técnicos De Nivel Médio";"Técnicos em serviços de turismo e organização de eventos";"Cerimonialista";"354825";"3";"0,0019";"4191,06";"3827,76"
"Blumenau";"4202404";"2025";"Trabalhadores Da Produção De Bens E Serviços Industriais";"Operadores de instalações de refrigeração e ar-condicionado";"Operador De Instalação De Refrigeração";"862505";"3";"0,0019";"2753,57";"2624,7"
"Blumenau";"4202404";"2025";"Trabalhadores Da Produção De Bens E Serviços Industriais";"Operadores de máquinas e equipamentos de elevação";"Operador De Talha Elétrica";"782140";"3";"0,0019";"3327,51";"3484,7"
"Blumenau";"4202404";"2025";"Trabalhadores Dos Serviços, Vendedores Do Comércio Em Lojas E Mercados";"Trabalhadores nos serviços de administração de edifícios";"Ascensorista";"514105";"3";"0,0019";"2904,68";"3030,82"
"Blumenau";"4202404";"2025";"Trabalhadores Da Produção De Bens E Serviços Industriais";"Trabalhadores na fabricação de cachaça, cerveja, vinhos e outras bebidas";"Xaropeiro";"841745";"3";"0,0019";"2061,47";"1949,77"
"Blumenau";"4202404";"2025";"Trabalhadores Em Serviços De Reparação E Manutenção";"Restauradores de instrumentos musicais";"Reparador De Instrumentos Musicais";"915210";"3";"0,0019";"3699,68";"3488,74"
"Blumenau";"4202404";"2025";"Trabalhadores Em Serviços De Reparação E Manutenção";"Supervisores em serviços de reparação e manutenção de máquinas e equipamentos industriais, comerciais e residenciais";"Supervisor De Manutenção De Aparelhos Térmicos, De Climatização E De Refrigeração";"910110";"3";"0,0019";"4796,27";"4433,08"
"Blumenau";"4202404";"2025";"Trabalhadores Da Produção De Bens E Serviços Industriais";"Operadores de instalações e máquinas de produtos plásticos, de borracha e moldadores de parafinas";"Confeccionador De Pneumáticos";"811715";"3";"0,0019";"2401,04";"2186,88"
"Blumenau";"4202404";"2025";"Trabalhadores Da Produção De Bens E Serviços Industriais";"Montadores de equipamentos eletroeletrônicos";"Bobinador Eletricista, À Mão";"731165";"3";"0,0019";"4818,78";"5595,32"
"Blumenau";"4202404";"2025";"Profissionais Das Ciências E Das Artes";"Engenheiros metalurgistas, de materiais e afins";"Engenheiro De Materiais";"214605";"3";"0,0019";"6361,56";"4797,94"
"Blumenau";"4202404";"2025";"Trabalhadores Da Produção De Bens E Serviços Industriais";"Trabalhadores de manobras de transportes sobre trilhos";"Agente De Pátio";"783105";"3";"0,0019";"2524,3";"2860,16"
"Blumenau";"4202404";"2025";"Técnicos De Nivel Médio";"Atletas profissionais";"Atleta Profissional (Outras Modalidades)";"377105";"3";"0,0019";"1037,68";"656,47"
"Blumenau";"4202404";"2025";"Trabalhadores Da Produção De Bens E Serviços Industriais";"Operadores de máquinas de usinagem cnc";"Operador De Máquina Eletroerosão, À Fio, Com Comando Numérico";"721420";"3";"0,0019";"2437,05";"2273,35"
"Blumenau";"4202404";"2025";"Profissionais Das Ciências E Das Artes";"Professores do ensino médio";"Professor De Língua E Literatura Brasileira No Ensino Médio";"232145";"3";"0,0019";"4073,74";"3805,66"
"Blumenau";"4202404";"2025";"Trabalhadores De Serviços Administrativos";"Operadores de telefonia";"Operador De Rádio-Chamada";"422220";"3";"0,0019";"2355,69";"2216,73"
"Blumenau";"4202404";"2025";"Profissionais Das Ciências E Das Artes";"Engenheiros de produção, qualidade, segurança e afins";"Engenheiro De Riscos";"214920";"3";"0,0019";"27205,79";"33697,75"
"Blumenau";"4202404";"2025";"Trabalhadores Da Produção De Bens E Serviços Industriais";"Operadores de máquinas a vapor e utilidades";"Operador De Estação De Bombeamento";"862140";"3";"0,0019";"8579,1";"5619,25"
"Blumenau";"4202404";"2025";"Trabalhadores Da Produção De Bens E Serviços Industriais";"Supervisores da construção civil";"Supervisor De Usina De Concreto";"710220";"3";"0,0019";"4873,58";"4440,93"
"Blumenau";"4202404";"2025";"Profissionais Das Ciências E Das Artes";"Geólogos, oceanógrafos, geofísicos e afins";"Geólogo";"213405";"3";"0,0019";"10201,95";"11508,61"
"Blumenau";"4202404";"2025";"Trabalhadores Da Produção De Bens E Serviços Industriais";"Padeiros, confeiteiros e afins";"Trabalhador De Fabricação De Sorvete";"848325";"3";"0,0019";"3310,53";"3265,42"
"Blumenau";"4202404";"2025";"Trabalhadores Da Produção De Bens E Serviços Industriais";"Ajustadores mecânicos polivalentes e afins";"Ajustador Ferramenteiro";"725005";"3";"0,0019";"4387,49";"3461,79"
"Blumenau";"4202404";"2025";"Trabalhadores Agropecuários, Florestais E Da Pesca";"Trabalhadores na pecuária de animais de grande porte";"Trabalhador Da Pecuária (Asininos E Muares)";"623105";"3";"0,0019";"2524,22";"2361,11"
"Blumenau";"4202404";"2025";"Trabalhadores Da Produção De Bens E Serviços Industriais";"Operadores de máquinas e equipamentos de elevação";"Operador De Máquina Rodoferroviária";"782120";"3";"0,0019";"4241,14";"2747,14"
"Blumenau";"4202404";"2025";"Profissionais Das Ciências E Das Artes";"Professores na área de formação pedagógica do ensino superior";"Professor De Ensino Superior Na Área De Pesquisa Educacional";"234515";"3";"0,0019";"4030,96";"3200,55"
"Blumenau";"4202404";"2025";"Trabalhadores Da Produção De Bens E Serviços Industriais";"Trabalhadores de beneficiamento de pedras ornamentais";"Polidor De Pedras";"712220";"3";"0,0019";"3852,32";"3392,19"
"Blumenau";"4202404";"2025";"Técnicos De Nivel Médio";"Técnicos mecânicos na fabricação e montagem de máquinas, sistemas e instrumentos";"Técnico Em Mecânica De Precisão";"314105";"3";"0,0019";"6962,48";"7099,2"
"Blumenau";"4202404";"2025";"Trabalhadores Da Produção De Bens E Serviços Industriais";"Afiadores e polidores de metais";"Afiador De Ferramentas";"721315";"3";"0,0019";"2602,17";"2092,84"
"Blumenau";"4202404";"2025";"Trabalhadores Da Produção De Bens E Serviços Industriais";"Trabalhadores de montagem de estruturas de madeira, metal e compósitos em obras civis";"Carpinteiro (Esquadrias)";"715510";"3";"0,0019";"2868,82";"2037,43"
"Blumenau";"4202404";"2025";"Trabalhadores Da Produção De Bens E Serviços Industriais";"Trabalhadores da preparação de artefatos de tecidos, couros e tapeçaria";"Cortador De Artefatos De Couro (Exceto Roupas E Calçados)";"765105";"3";"0,0019";"2113,62";"2373,41"
"Blumenau";"4202404";"2025";"Profissionais Das Ciências E Das Artes";"Médicos clínicos";"Médico Acupunturista";"225105";"3";"0,0019";"18897,43";"21186,62"
"Blumenau";"4202404";"2025";"Profissionais Das Ciências E Das Artes";"Ministros de culto, missionários, teólogos e profissionais assemelhados";"Ministro De Culto Religioso";"263105";"3";"0,0019";"5891,44";"3839,73"
"Blumenau";"4202404";"2025";"Trabalhadores Da Produção De Bens E Serviços Industriais";"Instaladores-reparadores de  linhas e equipamentos de telecomunicações";"Reparador De Aparelhos De Telecomunicações Em Laboratório";"731330";"3";"0,0019";"2609,14";"2523,84"
"Blumenau";"4202404";"2025";"Técnicos De Nivel Médio";"Técnicos têxteis";"Técnico Têxtil De Tecelagem";"311625";"3";"0,0019";"4094,56";"3686,82"
"Blumenau";"4202404";"2025";"Trabalhadores Da Produção De Bens E Serviços Industriais";"Operadores de fornos de primeira  fusão e aciaria";"Forneiro E Operador (Alto-Forno)";"821205";"3";"0,0019";"3524,47";"3237,7"
"Blumenau";"4202404";"2025";"Trabalhadores Da Produção De Bens E Serviços Industriais";"Trabalhadores de traçagem e montagem de estruturas metálicas e de compósitos";"Riscador De Estruturas Metálicas";"724225";"3";"0,0019";"6319,78";"6498,3"
"Blumenau";"4202404";"2025";"Técnicos De Nivel Médio";"Apresentadores de eventos, programas e espetáculos";"Apresentador De Eventos";"376305";"3";"0,0019";"1800,18";"1387,12"
"Blumenau";"4202404";"2025";"Trabalhadores Em Serviços De Reparação E Manutenção";"Mecânicos de manutenção de bombas, motores, compressores e equipamentos de transmissão";"Mecânico De Manutenção De Bomba Injetora (Exceto De Veículos Automotores)";"911105";"3";"0,0019";"9034,2";"7481,91"
"Blumenau";"4202404";"2025";"Técnicos De Nivel Médio";"Técnicos em fotônica";"Técnico Em Fotônica";"313505";"3";"0,0019";"4891,54";"3714,25"
"Blumenau";"4202404";"2025";"Trabalhadores Da Produção De Bens E Serviços Industriais";"Operadores de máquinas de usinagem cnc";"Operador De Retificadora Com Comando Numérico";"721425";"3";"0,0019";"4676,34";"4092,45"
"Blumenau";"4202404";"2025";"Trabalhadores Da Produção De Bens E Serviços Industriais";"Aplicadores de materiais isolantes";"Instalador De Material Isolante, À Máquina (Edificações)";"715730";"3";"0,0019";"2108,12";"2113,24"
"Blumenau";"4202404";"2025";"Técnicos De Nivel Médio";"Técnicos de operação de registros sonoro/audiovisuais";"Técnico De Sistemas Audiovisuais";"373130";"3";"0,0019";"7507,02";"6554,21"
"Blumenau";"4202404";"2025";"Trabalhadores Da Produção De Bens E Serviços Industriais";"Artesãos";"Artesão Tecelão";"791140";"3";"0,0019";"2091,51";"2055,53"
"Blumenau";"4202404";"2025";"Profissionais Das Ciências E Das Artes";"Professores do ensino profissional";"Professor Da Área De Meio Ambiente";"233105";"3";"0,0019";"5677,01";"5814,25"
"Blumenau";"4202404";"2025";"Técnicos De Nivel Médio";"Tecnólogos e técnicos em terapias complementares e estéticas";"Instrutor De Pilates";"322140";"3";"0,0019";"1803,04";"2084,64"
"Blumenau";"4202404";"2025";"Técnicos De Nivel Médio";"Inspetores de alunos e afins";"Monitor De Transporte Escolar";"334115";"3";"0,0019";"2389,78";"1982,74"
"Blumenau";"4202404";"2025";"Técnicos De Nivel Médio";"Técnicos em biologia";"Técnico Em Histologia";"320110";"3";"0,0019";"3967,8";"3877,61"
"Blumenau";"4202404";"2025";"Trabalhadores Dos Serviços, Vendedores Do Comércio Em Lojas E Mercados";"Bombeiros, salva-vidas e afins";"Salva-Vidas";"517115";"3";"0,0019";"1492,46";"1582,7"
"Blumenau";"4202404";"2025";"Técnicos De Nivel Médio";"Técnicos em próteses ortopédicas";"Técnico De Ortopedia";"322505";"3";"0,0019";"4644,43";"1630,54"
"Blumenau";"4202404";"2025";"Técnicos De Nivel Médio";"Agentes  fiscais metrológicos e de qualidade";"Agente Fiscal Têxtil";"352320";"3";"0,0019";"4368,93";"3903,32"
"Blumenau";"4202404";"2025";"Profissionais Das Ciências E Das Artes";"Médicos em medicina diagnóstica e terapêutica";"Médico Em Radiologia E Diagnóstico Por Imagem";"225320";"2";"0,0013";"6493,05";"1298,61"
"Blumenau";"4202404";"2025";"Trabalhadores Da Produção De Bens E Serviços Industriais";"Trabalhadores artesanais de produtos de papel e papelão";"Cartonageiro, A Mão (Caixas De Papelão)";"833205";"2";"0,0013";"2152,84";"1892,22"
"Blumenau";"4202404";"2025";"Trabalhadores De Serviços Administrativos";"Agentes, assistentes e auxiliares administrativos";"Auxiliar De Estatística";"411035";"2";"0,0013";"4636,11";"3102,97"
"Blumenau";"4202404";"2025";"Profissionais Das Ciências E Das Artes";"Arquivistas e museólogos";"Museólogo";"261310";"2";"0,0013";"3638,38";"2184,0"
"Blumenau";"4202404";"2025";"Profissionais Das Ciências E Das Artes";"Engenheiros de alimentos e afins";"Engenheiro De Alimentos";"222205";"2";"0,0013";"18092,81";"16452,17"
"Blumenau";"4202404";"2025";"Trabalhadores Agropecuários, Florestais E Da Pesca";"Extrativistas e reflorestadores de espécies produtoras de madeira";"Trabalhador De Extração Florestal, Em Geral";"632125";"2";"0,0013";"2983,49";"2512,68"
"Blumenau";"4202404";"2025";"Profissionais Das Ciências E Das Artes";"Cirurgiões-dentistas";"Cirurgião Dentista - Traumatologista Bucomaxilofacial";"223268";"2";"0,0013";"1508,8";"1499,6"
"Blumenau";"4202404";"2025";"Profissionais Das Ciências E Das Artes";"Diretores de espetáculos e afins";"Diretor De Produção";"262230";"2";"0,0013";"68,94";"66,01"
"Blumenau";"4202404";"2025";"Técnicos De Nivel Médio";"Técnicos em telecomunicações";"Técnico De Comunicação De Dados";"313305";"2";"0,0013";"1917,87";"1917,87"
"Blumenau";"4202404";"2025";"Profissionais Das Ciências E Das Artes";"Médicos clínicos";"Médico Pediatra";"225124";"2";"0,0013";"6225,91";"3726,45"
"Blumenau";"4202404";"2025";"Trabalhadores Da Produção De Bens E Serviços Industriais";"Supervisores de produção em indústrias siderúrgicas";"Mestre De Siderurgia";"820105";"2";"0,0013";"7023,23";"7003,75"
"Blumenau";"4202404";"2025";"Trabalhadores Dos Serviços, Vendedores Do Comércio Em Lojas E Mercados";"Trabalhadores nos serviços de coleta de resíduos, de limpeza e conservação de áreas públicas";"Coletor De Resíduos Sólidos De Serviços De Saúde";"514230";"2";"0,0013";"2711,24";"2655,75"
"Blumenau";"4202404";"2025";"Trabalhadores Dos Serviços, Vendedores Do Comércio Em Lojas E Mercados";"Auxiliares de laboratório da saúde";"Auxiliar De Produção Farmacêutica";"515225";"2";"0,0013";"1978,6";"1921,21"
"Blumenau";"4202404";"2025";"Profissionais Das Ciências E Das Artes";"Profissionais do jornalismo";"Produtor De Texto";"261130";"2";"0,0013";"2308,01";"2155,83"
"Blumenau";"4202404";"2025";"Trabalhadores Da Produção De Bens E Serviços Industriais";"Trabalhadores de extração de minerais sólidos (operadores de máquinas)";"Operador De Máquina Perfuradora (Minas E Pedreiras)";"711225";"2";"0,0013";"7261,06";"6328,86"
"Blumenau";"4202404";"2025";"Profissionais Das Ciências E Das Artes";"Farmacêuticos";"Farmacêutico Industrial";"223435";"2";"0,0013";"6472,1";"5602,19"
"Blumenau";"4202404";"2025";"Profissionais Das Ciências E Das Artes";"Engenheiros eletricistas, eletrônicos e afins";"Engenheiro De Redes De Comunicação";"214350";"2";"0,0013";"6588,61";"6588,61"
"Blumenau";"4202404";"2025";"Trabalhadores Da Produção De Bens E Serviços Industriais";"Trabalhadores da fabricação de munição e explosivos químicos";"Pirotécnico";"812105";"2";"0,0013";"3633,82";"3065,75"
"Blumenau";"4202404";"2025";"Trabalhadores Da Produção De Bens E Serviços Industriais";"Operadores de usinagem convencional de madeira";"Operador De Lixadeira (Usinagem De Madeira)";"773320";"2";"0,0013";"5211,2";"5211,2"
"Blumenau";"4202404";"2025";"Técnicos De Nivel Médio";"Desenhistas técnicos em eletricidade, eletrônica, eletromecânica, calefação, ventilação e refrigeração";"Desenhista Técnico (Calefação, Ventilação E Refrigeração)";"318310";"2";"0,0013";"3765,25";"3567,51"
"Blumenau";"4202404";"2025";"Trabalhadores Em Serviços De Reparação E Manutenção";"Supervisores de manutenção eletroeletrônica veicular";"Encarregado De Manutenção Elétrica De Veículos";"950205";"2";"0,0013";"8169,3";"7406,93"
"Blumenau";"4202404";"2025";"(nao classificado)";"";"(sem descricao no dicionario)";"214950";"2";"0,0013";"4270,55";"1881,67"
"Blumenau";"4202404";"2025";"Membros Superiores Do Poder Público, Dirigentes De Organizações De Interesse Público E De Empresas, Gerentes";"Gerentes operacionais da aviação civil";"Gerente De Operações De Cargas";"141820";"2";"0,0013";"6970,68";"4660,23"
"Blumenau";"4202404";"2025";"Técnicos De Nivel Médio";"Técnicos agrícolas";"Técnico Agrícola";"321105";"2";"0,0013";"10280,45";"9820,63"
"Blumenau";"4202404";"2025";"Trabalhadores Da Produção De Bens E Serviços Industriais";"Encadernadores e recuperadores de livros (pequenos lotes ou a unidade)";"Gravador, À Mão (Encadernação)";"768705";"2";"0,0013";"1904,47";"1904,47"
"Blumenau";"4202404";"2025";"Técnicos De Nivel Médio";"Técnicos em metalurgia (estruturas metálicas)";"Técnico Em Estruturas Metálicas";"314615";"2";"0,0013";"5176,86";"4418,29"
"Blumenau";"4202404";"2025";"Membros Superiores Do Poder Público, Dirigentes De Organizações De Interesse Público E De Empresas, Gerentes";"Diretores de serviços de turismo, de alojamento e de alimentação";"Turismólogo";"122520";"2";"0,0013";"4519,41";"3899,22"
"Blumenau";"4202404";"2025";"Técnicos De Nivel Médio";"Tecnólogos e técnicos em terapias complementares e estéticas";"Massoterapeuta";"322120";"2";"0,0013";"2400,9";"1778,86"
"Blumenau";"4202404";"2025";"Trabalhadores Da Produção De Bens E Serviços Industriais";"Encadernadores e recuperadores de livros (pequenos lotes ou a unidade)";"Restaurador De Livros";"768710";"2";"0,0013";"3781,32";"3655,36"
"Blumenau";"4202404";"2025";"Trabalhadores Em Serviços De Reparação E Manutenção";"Mecânicos de manutenção de máquinas pesadas e equipamentos agrícolas";"Mecânico De Manutenção De Aparelhos De Levantamento";"913105";"2";"0,0013";"5119,78";"4998,42"
"Blumenau";"4202404";"2025";"Trabalhadores Da Produção De Bens E Serviços Industriais";"Operadores de tear e máquinas similares";"Operador De Máquina De Cordoalha";"761354";"2";"0,0013";"2762,26";"2607,79"
"Blumenau";"4202404";"2025";"Profissionais Das Ciências E Das Artes";"Professores nas áreas de língua e literatura do ensino superior";"Professor De Literatura Brasileira";"234628";"2";"0,0013";"7066,75";"2796,89"
"Blumenau";"4202404";"2025";"Profissionais Das Ciências E Das Artes";"Médicos clínicos";"Médico Infectologista";"225103";"2";"0,0013";"16598,53";"14062,79"
"Blumenau";"4202404";"2025";"Trabalhadores Da Produção De Bens E Serviços Industriais";"Trabalhadores da classificação de fibras têxteis e lavagem de lã";"Lavador De Lã";"761110";"2";"0,0013";"";""
"Blumenau";"4202404";"2025";"Trabalhadores Agropecuários, Florestais E Da Pesca";"Trabalhadores na pecuária de animais de grande porte";"Trabalhador Da Pecuária (Bovinos Corte)";"623110";"2";"0,0013";"2974,49";"2779,37"
"Blumenau";"4202404";"2025";"Técnicos De Nivel Médio";"Pilotos de aviação comercial, mecânicos de vôo e afins";"Piloto Comercial (Exceto Linhas Aéreas)";"341105";"2";"0,0013";"9826,45";"7031,07"
"Blumenau";"4202404";"2025";"Trabalhadores Da Produção De Bens E Serviços Industriais";"Operadores de máquinas e equipamentos de elevação";"Operador De Draga";"782105";"2";"0,0013";"3466,98";"2749,69"
"Blumenau";"4202404";"2025";"Trabalhadores Da Produção De Bens E Serviços Industriais";"Supervisores da construção civil";"Inspetor De Terraplenagem";"710215";"2";"0,0013";"6948,07";"5652,6"
"Blumenau";"4202404";"2025";"Membros Superiores Do Poder Público, Dirigentes De Organizações De Interesse Público E De Empresas, Gerentes";"Gerentes de manutenção e afins";"Tecnólogo Em Sistemas Biomédicos";"142710";"2";"0,0013";"14623,87";"14623,87"
"Blumenau";"4202404";"2025";"Trabalhadores Da Produção De Bens E Serviços Industriais";"Trabalhadores de tratamento de superfícies de metais e de compósitos (termoquímicos)";"Fosfatizador";"723210";"2";"0,0013";"3187,24";"2932,11"
"Blumenau";"4202404";"2025";"Profissionais Das Ciências E Das Artes";"Profissionais do jornalismo";"Diretor De Redação";"261115";"2";"0,0013";"7879,64";"4899,08"
"Blumenau";"4202404";"2025";"Profissionais Das Ciências E Das Artes";"Engenheiros civis e afins";"Tecnólogo Em Construção Civil";"214280";"2";"0,0013";"5721,96";"4979,63"
"Blumenau";"4202404";"2025";"Profissionais Das Ciências E Das Artes";"Engenheiros eletricistas, eletrônicos e afins";"Engenheiro De Telecomunicações";"214340";"2";"0,0013";"13757,69";"13434,47"
"Blumenau";"4202404";"2025";"Profissionais Das Ciências E Das Artes";"Professores de ciências humanas do ensino superior";"Professor De Jornalismo";"234750";"2";"0,0013";"9783,45";"1939,0"
"Blumenau";"4202404";"2025";"Trabalhadores Da Produção De Bens E Serviços Industriais";"Preparadores e operadores de máquinas-ferramenta convencionais";"Operador De Máquina De Eletroerosão";"721205";"2";"0,0013";"3225,15";"2696,94"
"Blumenau";"4202404";"2025";"Membros Superiores Do Poder Público, Dirigentes De Organizações De Interesse Público E De Empresas, Gerentes";"Gerentes de comercialização, marketing e comunicação";"Profissonal De Relações Internacionais";"142350";"2";"0,0013";"14351,76";"9417,12"
"Blumenau";"4202404";"2025";"Trabalhadores Da Produção De Bens E Serviços Industriais";"Sopradores, moldadores e modeladores de vidros e afins";"Moldador (Vidros)";"752110";"2";"0,0013";"3936,31";"3794,88"
"Blumenau";"4202404";"2025";"Técnicos De Nivel Médio";"Desenhistas técnicos da construção civil e arquitetura";"Desenhista Técnico (Instalações Hidrossanitárias)";"318120";"2";"0,0013";"4209,27";"4189,47"
"Blumenau";"4202404";"2025";"Profissionais Das Ciências E Das Artes";"Advogados";"Advogado (Direito Do Trabalho)";"241035";"2";"0,0013";"9301,22";"6676,03"
"Blumenau";"4202404";"2025";"Trabalhadores Da Produção De Bens E Serviços Industriais";"Operadores de máquinas de usinagem de madeira cnc";"Operador De Centro De Usinagem De Madeira (Cnc)";"773505";"2";"0,0013";"3719,77";"3595,14"
"Blumenau";"4202404";"2025";"Trabalhadores Da Produção De Bens E Serviços Industriais";"Trabalhadores da pré-impressão gráfica";"Copiador De Chapa";"766105";"2";"0,0013";"3985,26";"3801,58"
"Blumenau";"4202404";"2025";"Membros Superiores Do Poder Público, Dirigentes De Organizações De Interesse Público E De Empresas, Gerentes";"Gerentes de operações de serviços em instituição de intermediação financeira";"Gerente De Crédito Imobiliário";"141725";"2";"0,0013";"15254,47";"3097,01"
"Blumenau";"4202404";"2025";"Técnicos De Nivel Médio";"Técnicos da inteligência";"Agente De Inteligência";"351905";"2";"0,0013";"6033,56";"5337,79"
"Blumenau";"4202404";"2025";"Trabalhadores Em Serviços De Reparação E Manutenção";"Supervisores em serviços de reparação e manutenção de máquinas e equipamentos industriais, comerciais e residenciais";"Supervisor De Manutenção De Máquinas Operatrizes E De Usinagem";"910130";"2";"0,0013";"8676,76";"7148,64"
"Blumenau";"4202404";"2025";"Técnicos De Nivel Médio";"Agentes  fiscais metrológicos e de qualidade";"Agente Fiscal Metrológico";"352315";"2";"0,0013";"8076,02";"8071,55"
"Blumenau";"4202404";"2025";"Profissionais Das Ciências E Das Artes";"Engenheiros eletricistas, eletrônicos e afins";"Engenheiro Eletricista De Manutenção";"214315";"2";"0,0013";"21137,15";"17754,86"
"Blumenau";"4202404";"2025";"Técnicos De Nivel Médio";"Técnicos em administração";"Técnico Em Administração De Comércio Exterior";"351310";"2";"0,0013";"4218,72";"3637,25"
"Blumenau";"4202404";"2025";"Trabalhadores Da Produção De Bens E Serviços Industriais";"Operadores de usinagem convencional de madeira";"Torneiro Na Usinagem Convencional De Madeira";"773355";"2";"0,0013";"5368,38";"5140,73"
"Blumenau";"4202404";"2025";"Trabalhadores Da Produção De Bens E Serviços Industriais";"Operadores de equipamentos de filtragem e separação";"Operador De Filtro De Tambor Rotativo (Tratamentos Químicos E Afins)";"811320";"2";"0,0013";"3844,4";"3844,4"
"Blumenau";"4202404";"2025";"Técnicos De Nivel Médio";"Técnicos mecânicos (ferramentas)";"Técnico Mecânico Na Manutenção De Ferramentas";"314210";"2";"0,0013";"5994,38";"5858,31"
"Blumenau";"4202404";"2025";"Trabalhadores Da Produção De Bens E Serviços Industriais";"Supervisores da produção de utilidades";"Supervisor De Manutenção Eletromecânica (Utilidades)";"860105";"2";"0,0013";"8371,57";"7842,44"
"Blumenau";"4202404";"2025";"Trabalhadores Agropecuários, Florestais E Da Pesca";"Trabalhadores agrícolas no cultivo de flores e plantas ornamentais";"Trabalhador No Cultivo De Plantas Ornamentais";"622425";"2";"0,0013";"2531,16";"2531,16"
"Blumenau";"4202404";"2025";"Trabalhadores Da Produção De Bens E Serviços Industriais";"Supervisores de usinagem, conformação e tratamento de metais";"Mestre De Ferramentaria";"720115";"2";"0,0013";"8307,56";"8091,76"
"Blumenau";"4202404";"2025";"Trabalhadores Da Produção De Bens E Serviços Industriais";"Trabalhadores artesanais da confecção de calçados e artefatos de couros e peles";"Artífice Do Couro";"768305";"2";"0,0013";"2635,75";"2186,32"
"Blumenau";"4202404";"2025";"Trabalhadores Da Produção De Bens E Serviços Industriais";"Ferramenteiros e afins";"Modelador De Metais (Fundição)";"721115";"2";"0,0013";"5580,37";"5307,27"
"Blumenau";"4202404";"2025";"Trabalhadores Da Produção De Bens E Serviços Industriais";"Artesãos";"Artesão Trançador";"791145";"2";"0,0013";"2733,17";"2617,0"
"Blumenau";"4202404";"2025";"Profissionais Das Ciências E Das Artes";"Pesquisadores de engenharia e tecnologia";"Pesquisador De Engenharia Mecânica";"203220";"2";"0,0013";"12545,83";"7942,51"
"Blumenau";"4202404";"2025";"Trabalhadores Agropecuários, Florestais E Da Pesca";"Supervisores na área florestal e aqüicultura";"Supervisor Da Aqüicultura";"630105";"2";"0,0013";"7354,65";"6551,16"
"Blumenau";"4202404";"2025";"Trabalhadores Da Produção De Bens E Serviços Industriais";"Operadores de usinagem convencional de madeira";"Operador De Plaina Desengrossadeira";"773335";"2";"0,0013";"2644,02";"2156,17"
"Blumenau";"4202404";"2025";"Profissionais Das Ciências E Das Artes";"Profissionais de mídias digitais e afins";"Influenciador Digital";"253410";"2";"0,0013";"3087,64";"2318,09"
"Blumenau";"4202404";"2025";"Trabalhadores Da Produção De Bens E Serviços Industriais";"Trabalhadores de tratamento de superfícies de metais e de compósitos (termoquímicos)";"Oxidador";"723240";"2";"0,0013";"3489,53";"2850,46"
"Blumenau";"4202404";"2025";"Trabalhadores Da Produção De Bens E Serviços Industriais";"Supervisores da construção civil";"Mestre De Linhas (Ferrovias)";"710210";"2";"0,0013";"7848,42";"5212,64"
"Blumenau";"4202404";"2025";"Técnicos De Nivel Médio";"Especialistas em inspeções industriais";"Inspetor De Manutenção";"314840";"2";"0,0013";"7128,68";"7071,42"
"Blumenau";"4202404";"2025";"Membros Superiores Do Poder Público, Dirigentes De Organizações De Interesse Público E De Empresas, Gerentes";"Diretores de manutenção";"Diretor De Manutenção";"123805";"2";"0,0013";"9574,74";"5942,64"
"Blumenau";"4202404";"2025";"Profissionais Das Ciências E Das Artes";"Diretores de espetáculos e afins";"Diretor Artistíco";"262235";"2";"0,0013";"3304,16";"2266,74"
"Blumenau";"4202404";"2025";"Trabalhadores Da Produção De Bens E Serviços Industriais";"Operadores de máquinas de desdobramento da madeira";"Serrador De Bordas No Desdobramento De Madeira";"773115";"2";"0,0013";"3793,57";"3477,75"
"Blumenau";"4202404";"2025";"Trabalhadores Da Produção De Bens E Serviços Industriais";"Operadores de máquinas de desdobramento da madeira";"Operador De Serras No Desdobramento De Madeira";"773110";"2";"0,0013";"3221,1";"3221,1"
"Blumenau";"4202404";"2025";"Profissionais Das Ciências E Das Artes";"Auditores fiscais do trabalho";"Agente De Higiene E Segurança";"254310";"2";"0,0013";"3310,16";"3310,16"
"Blumenau";"4202404";"2025";"Técnicos De Nivel Médio";"Técnicos de operação de registros sonoro/audiovisuais";"Coordenador De Programação";"373140";"2";"0,0013";"1914,48";"536,8"
"Blumenau";"4202404";"2025";"Membros Superiores Do Poder Público, Dirigentes De Organizações De Interesse Público E De Empresas, Gerentes";"Diretores de operações de obras em empresa de construção";"Diretor De Operações De Obras Pública E Civil";"122305";"2";"0,0013";"2999,01";"2514,69"
"Blumenau";"4202404";"2025";"Trabalhadores Da Produção De Bens E Serviços Industriais";"Trabalhadores artesanais na pasteurização do leite e na fabricação de laticínios e afins";"Queijeiro Na Fabricação De Laticínio";"848210";"2";"0,0013";"1719,85";"1719,85"
"Blumenau";"4202404";"2025";"Trabalhadores Da Produção De Bens E Serviços Industriais";"Supervisores de usinagem, conformação e tratamento de metais";"Mestre De Galvanoplastia";"720130";"2";"0,0013";"4510,93";"4126,46"
"Blumenau";"4202404";"2025";"Técnicos De Nivel Médio";"Técnicos em cenografia";"Maquinista De Cinema E Vídeo";"374210";"2";"0,0013";"3722,22";"3060,6"
"Blumenau";"4202404";"2025";"Trabalhadores Da Produção De Bens E Serviços Industriais";"Operadores de equipamentos de laminação";"Operador De Montagem De Cilindros E Mancais";"821330";"2";"0,0013";"2498,7";"2181,87"
"Blumenau";"4202404";"2025";"Trabalhadores Da Produção De Bens E Serviços Industriais";"Trabalhadores artesanais da confecção de calçados e artefatos de couros e peles";"Sapateiro (Calçados Sob Medida)";"768320";"2";"0,0013";"2243,49";"2243,49"
"Blumenau";"4202404";"2025";"Profissionais Das Ciências E Das Artes";"Profissionais de administração ecônomico-financeira";"Analista De Câmbio";"252510";"2";"0,0013";"17121,76";"12662,12"
"Blumenau";"4202404";"2025";"Trabalhadores Em Serviços De Reparação E Manutenção";"Mecânicos de manutenção de máquinas industriais";"Mecânico De Manutenção De Máquinas Operatrizes (Lavra De Madeira)";"911315";"2";"0,0013";"3012,97";"1712,22"
"Blumenau";"4202404";"2025";"Profissionais Das Ciências E Das Artes";"Químicos";"Químico Industrial";"213210";"2";"0,0013";"5194,07";"3580,57"
"Blumenau";"4202404";"2025";"Trabalhadores Da Produção De Bens E Serviços Industriais";"Operadores de tear e máquinas similares";"Remetedor De Fios";"761363";"2";"0,0013";"1557,49";"1433,54"
"Blumenau";"4202404";"2025";"Técnicos De Nivel Médio";"Técnicos em eletrônica";"Técnico De Manutenção Eletrônica (Circuitos De Máquinas Com Comando Numérico)";"313210";"2";"0,0013";"10291,1";"7244,07"
"Blumenau";"4202404";"2025";"Trabalhadores Da Produção De Bens E Serviços Industriais";"Confeccionadores de instrumentos musicais";"Confeccionador De Instrumentos De Sopro (Madeira)";"742125";"2";"0,0013";"3482,93";"2757,59"
"Blumenau";"4202404";"2025";"Trabalhadores Em Serviços De Reparação E Manutenção";"Mecânicos de manutenção aeronáutica";"Mecânico De Manutenção De Aeronaves, Em Geral";"914105";"2";"0,0013";"4627,64";"3713,32"
"Blumenau";"4202404";"2025";"Técnicos De Nivel Médio";"Técnicos têxteis";"Técnico Têxtil De Fiação";"311615";"2";"0,0013";"4831,53";"4831,53"
"Blumenau";"4202404";"2025";"Profissionais Das Ciências E Das Artes";"Professores nas áreas de língua e literatura do ensino superior";"Professor De Outras Línguas E Literaturas";"234664";"2";"0,0013";"15477,89";"11264,76"
"Blumenau";"4202404";"2025";"Profissionais Das Ciências E Das Artes";"Engenheiros de produção, qualidade, segurança e afins";"Tecnólogo Em Segurança Do Trabalho";"214935";"2";"0,0013";"2569,39";"1661,89"
"Blumenau";"4202404";"2025";"Trabalhadores Da Produção De Bens E Serviços Industriais";"Trabalhadores de soldagem e corte de ligas metálicas";"Brasador";"724305";"2";"0,0013";"2624,32";"2326,89"
"Blumenau";"4202404";"2025";"Trabalhadores Da Produção De Bens E Serviços Industriais";"Operadores da fiação";"Operador De Bobinadeira";"761215";"2";"0,0013";"3024,8";"2863,58"
"Blumenau";"4202404";"2025";"Membros Superiores Do Poder Público, Dirigentes De Organizações De Interesse Público E De Empresas, Gerentes";"Dirigentes e administradores de organizações da sociedade civil sem fins lucrativos";"Dirigente E Administrador De Organização Da Sociedade Civil Sem Fins Lucrativos";"114405";"2";"0,0013";"17941,13";"25,34"
"Blumenau";"4202404";"2025";"Profissionais Das Ciências E Das Artes";"Químicos";"Tecnólogo Em Processos Químicos";"213215";"1";"0,0006";"8878,08";"8878,08"
"Blumenau";"4202404";"2025";"Trabalhadores Da Produção De Bens E Serviços Industriais";"Trabalhadores da preparação do curtimento de couros e peles";"Fuloneiro";"762120";"1";"0,0006";"4902,34";"4902,34"
"Blumenau";"4202404";"2025";"Trabalhadores Da Produção De Bens E Serviços Industriais";"Telhadores (revestimentos rígidos)";"Telhador (Telhas Metálicas)";"716215";"1";"0,0006";"3028,23";"3028,23"
"Blumenau";"4202404";"2025";"Técnicos De Nivel Médio";"Especialistas em inspeções industriais";"Inspetor De Fabricação";"314810";"1";"0,0006";"10746,54";"10746,54"
"Blumenau";"4202404";"2025";"Profissionais Das Ciências E Das Artes";"Economistas";"Economista Agroindustrial";"251210";"1";"0,0006";"3945,5";"3945,5"
"Blumenau";"4202404";"2025";"Trabalhadores Da Produção De Bens E Serviços Industriais";"Supervisores de usinagem, conformação e tratamento de metais";"Mestre Serralheiro";"720155";"1";"0,0006";"6683,86";"6683,86"
"Blumenau";"4202404";"2025";"Técnicos De Nivel Médio";"Tecnólogos e técnicos em métodos de diagnósticos e terapêutica";"Técnico Em Métodos Eletrográficos Em Encefalografia";"324105";"1";"0,0006";"2501,88";"2501,88"
"Blumenau";"4202404";"2025";"Trabalhadores Da Produção De Bens E Serviços Industriais";"Trabalhadores artesanais na conservação de alimentos";"Salgador De Alimentos";"848110";"1";"0,0006";"3609,46";"3609,46"
"Blumenau";"4202404";"2025";"Trabalhadores De Serviços Administrativos";"Despachantes documentalistas e afins";"Despachante Documentalista";"423105";"1";"0,0006";"";""
"Blumenau";"4202404";"2025";"Técnicos De Nivel Médio";"Técnicos em construção civil (obras de infraestrutura)";"Técnico De Estradas";"312205";"1";"0,0006";"11586,6";"11586,6"
"Blumenau";"4202404";"2025";"Trabalhadores Dos Serviços, Vendedores Do Comércio Em Lojas E Mercados";"Vendedores em bancas, quiosques e barracas";"Vendedor  Permissionário";"524215";"1";"0,0006";"1609,34";"1609,34"
"Blumenau";"4202404";"2025";"Trabalhadores Da Produção De Bens E Serviços Industriais";"Joalheiros e lapidadores de gemas";"Joalheiro";"751010";"1";"0,0006";"2324,96";"2324,96"
"Blumenau";"4202404";"2025";"Trabalhadores Da Produção De Bens E Serviços Industriais";"Confeccionadores de instrumentos musicais";"Afinador De Instrumentos Musicais";"742105";"1";"0,0006";"3782,94";"3782,94"
"Blumenau";"4202404";"2025";"Trabalhadores Da Produção De Bens E Serviços Industriais";"Operadores de máquinas na confecção de artefatos de  couro";"Montador De Artefatos De Couro (Exceto Roupas E Calçados)";"765315";"1";"0,0006";"2662,55";"2662,55"
"Blumenau";"4202404";"2025";"Trabalhadores Da Produção De Bens E Serviços Industriais";"Marceneiros e afins";"Maquetista Na Marcenaria";"771115";"1";"0,0006";"3876,24";"3876,24"
"Blumenau";"4202404";"2025";"Técnicos De Nivel Médio";"Técnicos em produção, conservação  e de qualidade de alimentos";"Técnico Em Nutrição E Dietética";"325210";"1";"0,0006";"2326,14";"2326,14"
"Blumenau";"4202404";"2025";"Membros Superiores Do Poder Público, Dirigentes De Organizações De Interesse Público E De Empresas, Gerentes";"Diretores de operações de serviços em empresa de armazenamento, de transporte e de telecomunicação";"Diretor De Operações De Serviços De Armazenamento";"122610";"1";"0,0006";"20681,18";"20681,18"
"Blumenau";"4202404";"2025";"Trabalhadores Dos Serviços, Vendedores Do Comércio Em Lojas E Mercados";"Outros trabalhadores dos serviços";"Lavador De Garrafas, Vidros E Outros Utensílios";"519930";"1";"0,0006";"2664,43";"2664,43"
"Blumenau";"4202404";"2025";"Trabalhadores Da Produção De Bens E Serviços Industriais";"Operadores de máquinas a vapor e utilidades";"Foguista (Locomotivas A Vapor)";"862105";"1";"0,0006";"3559,35";"3559,35"
"Blumenau";"4202404";"2025";"Trabalhadores Da Produção De Bens E Serviços Industriais";"Supervisores da extração mineral";"Supervisor De Produção Na Mineração";"710120";"1";"0,0006";"";""
"Blumenau";"4202404";"2025";"Trabalhadores Da Produção De Bens E Serviços Industriais";"Operadores de usinagem convencional de madeira";"Operador De Entalhadeira (Usinagem De Madeira)";"773310";"1";"0,0006";"2929,35";"2929,35"
"Blumenau";"4202404";"2025";"Técnicos De Nivel Médio";"Especialistas em promoção de produtos e vendas";"Propagandista De Produtos Famacêuticos";"354150";"1";"0,0006";"3622,24";"3622,24"
"Blumenau";"4202404";"2025";"Técnicos De Nivel Médio";"Técnicos em biologia";"Técnico Em Bioterismo";"320105";"1";"0,0006";"8227,79";"8227,79"
"Blumenau";"4202404";"2025";"Trabalhadores Da Produção De Bens E Serviços Industriais";"Trabalhadores de laboratório fotográfico e radiológico";"Auxiliar De Radiologia (Revelação Fotográfica)";"766420";"1";"0,0006";"";""
"Blumenau";"4202404";"2025";"Profissionais Das Ciências E Das Artes";"Médicos clínicos";"Médico Oncologista Clínico";"225121";"1";"0,0006";"20650,62";"20650,62"
"Blumenau";"4202404";"2025";"Trabalhadores Da Produção De Bens E Serviços Industriais";"Trabalhadores de laboratório fotográfico e radiológico";"Revelador De Filmes Fotográficos, Em Preto E Branco";"766410";"1";"0,0006";"3331,49";"3331,49"
"Blumenau";"4202404";"2025";"Trabalhadores Dos Serviços, Vendedores Do Comércio Em Lojas E Mercados";"Trabalhadores em serviços de promoção e apoio à saúde";"Visitador Sanitário";"515120";"1";"0,0006";"5650,28";"5650,28"
"Blumenau";"4202404";"2025";"Profissionais Das Ciências E Das Artes";"Enfermeiros e afins";"Enfermeiro Obstétrico";"223545";"1";"0,0006";"11598,55";"11598,55"
"Blumenau";"4202404";"2025";"Trabalhadores Da Produção De Bens E Serviços Industriais";"Operadores da fiação";"Operador De Cardas";"761220";"1";"0,0006";"";""
"Blumenau";"4202404";"2025";"Profissionais Das Ciências E Das Artes";"Tabeliães e registradores";"Tabelião De Protestos";"241340";"1";"0,0006";"23566,87";"23566,87"
"Blumenau";"4202404";"2025";"Trabalhadores Dos Serviços, Vendedores Do Comércio Em Lojas E Mercados";"Trabalhadores no atendimento em estabelecimentos de serviços de alimentação, bebidas e hotelaria";"Sommelier";"513410";"1";"0,0006";"3374,59";"3374,59"
"Blumenau";"4202404";"2025";"Trabalhadores Da Produção De Bens E Serviços Industriais";"Supervisores da extração mineral";"Supervisor De Apoio Operacional Na Mineração";"710105";"1";"0,0006";"7123,99";"7123,99"
"Blumenau";"4202404";"2025";"Membros Superiores Do Poder Público, Dirigentes De Organizações De Interesse Público E De Empresas, Gerentes";"Diretores de produção e operações em empresa agropecuária, pesqueira , aqüícola e florestal";"Diretor De Produção E Operações Em Empresa Florestal";"122115";"1";"0,0006";"9,12";"9,12"
"Blumenau";"4202404";"2025";"Trabalhadores Da Produção De Bens E Serviços Industriais";"Supervisores de usinagem, conformação e tratamento de metais";"Mestre De Caldeiraria";"720110";"1";"0,0006";"4192,72";"4192,72"
"Blumenau";"4202404";"2025";"Trabalhadores Da Produção De Bens E Serviços Industriais";"Montadores de aparelhos de telecomunicações";"Montador De Equipamentos Eletrônicos (Estação De Rádio, Tv E Equipamentos De Radar)";"731205";"1";"0,0006";"5303,33";"5303,33"
"Blumenau";"4202404";"2025";"Técnicos De Nivel Médio";"Técnicos têxteis";"Técnico Têxtil De Malharia";"311620";"1";"0,0006";"4379,07";"4379,07"
"Blumenau";"4202404";"2025";"Profissionais Das Ciências E Das Artes";"Fotógrafos profissionais";"Fotógrafo Publicitário";"261810";"1";"0,0006";"6422,21";"6422,21"
"Blumenau";"4202404";"2025";"Trabalhadores Da Produção De Bens E Serviços Industriais";"Supervisores da fabricação de alimentos, bebidas e fumo";"Chefe De Confeitaria";"840120";"1";"0,0006";"5165,22";"5165,22"
"Blumenau";"4202404";"2025";"Trabalhadores De Serviços Administrativos";"Supervisores de serviços financeiros, de câmbio e de controle";"Supervisor De Câmbio";"410210";"1";"0,0006";"6955,39";"6955,39"
"Blumenau";"4202404";"2025";"Membros Superiores Do Poder Público, Dirigentes De Organizações De Interesse Público E De Empresas, Gerentes";"Gerentes de operações de serviços em empresa de turismo, de alojamento e alimentação";"Gerente De Turismo";"141525";"1";"0,0006";"14169,32";"14169,32"
"Blumenau";"4202404";"2025";"Técnicos De Nivel Médio";"Técnicos em geomática";"Técnico Em Agrimensura";"312305";"1";"0,0006";"1197,12";"1197,12"
"Blumenau";"4202404";"2025";"Profissionais Das Ciências E Das Artes";"Profissionais da metrologia";"Pesquisador Em Metrologia";"201205";"1";"0,0006";"11530,91";"11530,91"
"Blumenau";"4202404";"2025";"Trabalhadores Da Produção De Bens E Serviços Industriais";"Confeccionadores de instrumentos musicais";"Confeccionador De Instrumentos De Corda";"742115";"1";"0,0006";"2260,86";"2260,86"
"Blumenau";"4202404";"2025";"Membros Superiores Do Poder Público, Dirigentes De Organizações De Interesse Público E De Empresas, Gerentes";"Gestores e especialistas de operações em empresas, secretarias e unidades de serviços de saúde";"Diretor De Serviços De Saúde";"131205";"1";"0,0006";"8907,42";"8907,42"
"Blumenau";"4202404";"2025";"Trabalhadores Dos Serviços, Vendedores Do Comércio Em Lojas E Mercados";"Tintureiros, lavadeiros e afins, a máquina";"Lavador De Artefatos De Tapeçaria";"516315";"1";"0,0006";"2567,13";"2567,13"
"Blumenau";"4202404";"2025";"Técnicos De Nivel Médio";"Técnicos em áudio";"Projetista De Sistemas De Áudio";"374135";"1";"0,0006";"4062,22";"4062,22"
"Blumenau";"4202404";"2025";"Membros Superiores Do Poder Público, Dirigentes De Organizações De Interesse Público E De Empresas, Gerentes";"Gerentes de comercialização, marketing e comunicação";"Profissional De Relações Institucionais E Governamentais";"142345";"1";"0,0006";"6727,96";"6727,96"
"Blumenau";"4202404";"2025";"Técnicos De Nivel Médio";"Técnicos em operações e serviços bancários";"Tesoureiro De Banco";"353230";"1";"0,0006";"";""
"Blumenau";"4202404";"2025";"Trabalhadores Da Produção De Bens E Serviços Industriais";"Supervisores da mecânica de precisão e instrumentos musicais";"Supervisor De Fabricação De Instrumentos Musicais";"740110";"1";"0,0006";"3558,91";"3558,91"
"Blumenau";"4202404";"2025";"Membros Superiores Do Poder Público, Dirigentes De Organizações De Interesse Público E De Empresas, Gerentes";"Gerentes administrativos, financeiros, de riscos e afins";"Gerente De Facility Management";"142140";"1";"0,0006";"4123,45";"4123,45"
"Blumenau";"4202404";"2025";"Profissionais Das Ciências E Das Artes";"Engenheiros civis e afins";"Engenheiro Civil (Geotécnia)";"214230";"1";"0,0006";"9414,76";"9414,76"
"Blumenau";"4202404";"2025";"Trabalhadores Da Produção De Bens E Serviços Industriais";"Trabalhadores aquaviários";"Marinheiro De Convés (Marítimo E Fluviário)";"782705";"1";"0,0006";"10074,31";"10074,31"
"Blumenau";"4202404";"2025";"Trabalhadores Da Produção De Bens E Serviços Industriais";"Supervisores da fabricação e montagem metalmecânica";"Mestre (Indústria De Automotores E Material De Transportes)";"720210";"1";"0,0006";"";""
"Blumenau";"4202404";"2025";"Membros Superiores Do Poder Público, Dirigentes De Organizações De Interesse Público E De Empresas, Gerentes";"Dirigentes e administradores de entidades religiosas";"Dirigente E Administrador De Organização Religiosa";"114305";"1";"0,0006";"16089,25";"16089,25"
"Blumenau";"4202404";"2025";"Profissionais Das Ciências E Das Artes";"Profissionais da escrita";"Autor-Roteirista";"261505";"1";"0,0006";"4065,83";"4065,83"
"Blumenau";"4202404";"2025";"Técnicos De Nivel Médio";"Técnicos em metalurgia (estruturas metálicas)";"Técnico Em Soldagem";"314620";"1";"0,0006";"9417,02";"9417,02"
"Blumenau";"4202404";"2025";"Trabalhadores Da Produção De Bens E Serviços Industriais";"Trabalhadores de caldeiraria e serralheria";"Chapeador De Carrocerias Metálicas (Fabricação)";"724420";"1";"0,0006";"7432,42";"7432,42"
"Blumenau";"4202404";"2025";"Trabalhadores Da Produção De Bens E Serviços Industriais";"Operadores de usinagem convencional de madeira";"Operador De Serras (Usinagem De Madeira)";"773340";"1";"0,0006";"5159,6";"5159,6"
"Blumenau";"4202404";"2025";"Profissionais Das Ciências E Das Artes";"Engenheiros eletricistas, eletrônicos e afins";"Engenheiro Eletrônico De Manutenção";"214325";"1";"0,0006";"8351,35";"8351,35"
"Blumenau";"4202404";"2025";"Trabalhadores Da Produção De Bens E Serviços Industriais";"Operadores de máquinas de desdobramento da madeira";"Serrador De Madeira (Serra De Fita Múltipla)";"773130";"1";"0,0006";"2356,69";"2356,69"
"Blumenau";"4202404";"2025";"Trabalhadores Da Produção De Bens E Serviços Industriais";"Operadores de máquinas na fabricação de produtos de papel e papelão";"Confeccionador De Sacos De Celofane, A Máquina";"833115";"1";"0,0006";"2732,44";"2732,44"
"Blumenau";"4202404";"2025";"Trabalhadores Da Produção De Bens E Serviços Industriais";"Operadores de máquinas para bordado e acabamento de roupas";"Arrematadeira";"763305";"1";"0,0006";"1800,57";"1800,57"
"Blumenau";"4202404";"2025";"Técnicos De Nivel Médio";"Técnicos em áudio";"Dj (Disc Jockey)";"374145";"1";"0,0006";"";""
"Blumenau";"4202404";"2025";"Membros Superiores Do Poder Público, Dirigentes De Organizações De Interesse Público E De Empresas, Gerentes";"Gerentes administrativos, financeiros, de riscos e afins";"Oficial De Proteção De Dados Pessoais (Dpo)";"142135";"1";"0,0006";"";""
"Blumenau";"4202404";"2025";"Profissionais Das Ciências E Das Artes";"Pesquisadores das ciências da saúde";"Pesquisador Em Saúde Coletiva";"203320";"1";"0,0006";"5329,11";"5329,11"
"Blumenau";"4202404";"2025";"Trabalhadores Da Produção De Bens E Serviços Industriais";"Instaladores-reparadores de  linhas e equipamentos de telecomunicações";"Instalador-Reparador De Redes E Cabos Telefônicos";"731325";"1";"0,0006";"1565,21";"1565,21"
"Blumenau";"4202404";"2025";"Trabalhadores Da Produção De Bens E Serviços Industriais";"Supervisores de usinagem, conformação e tratamento de metais";"Supervisor De Controle De Tratamento Térmico";"720160";"1";"0,0006";"12206,65";"12206,65"
"Blumenau";"4202404";"2025";"Trabalhadores Dos Serviços, Vendedores Do Comércio Em Lojas E Mercados";"Trabalhadores dos serviços domésticos em geral";"Empregado Doméstico Diarista";"512120";"1";"0,0006";"3868,06";"3868,06"
"Blumenau";"4202404";"2025";"Trabalhadores Da Produção De Bens E Serviços Industriais";"Trabalhadores de beneficiamento de pedras ornamentais";"Torneiro (Lavra De Pedra)";"712225";"1";"0,0006";"13491,19";"13491,19"
"Blumenau";"4202404";"2025";"Técnicos De Nivel Médio";"Técnicos de controle da produção";"Técnico De Painel De Controle";"391220";"1";"0,0006";"6285,96";"6285,96"
"Blumenau";"4202404";"2025";"Trabalhadores Da Produção De Bens E Serviços Industriais";"Operadores da fiação";"Operador De Open-End";"761245";"1";"0,0006";"";""
"Blumenau";"4202404";"2025";"Técnicos De Nivel Médio";"Técnicos de operação de registros sonoro/audiovisuais";"Operador De Controle Mestre";"373135";"1";"0,0006";"1079,34";"1079,34"
"Blumenau";"4202404";"2025";"Profissionais Das Ciências E Das Artes";"Auditores fiscais da previdência social";"Auditor-Fiscal Da Previdência Social";"254205";"1";"0,0006";"7031,04";"7031,04"
"Blumenau";"4202404";"2025";"Membros Superiores Do Poder Público, Dirigentes De Organizações De Interesse Público E De Empresas, Gerentes";"Gerentes de produção e operações em empresa agropecuária, pesqueira, aqüícola e florestal";"Gerente De Produção E Operações Pesqueiras";"141120";"1";"0,0006";"2390,33";"2390,33"
"Blumenau";"4202404";"2025";"Profissionais Das Ciências E Das Artes";"Fiscais de tributos estaduais e municipais";"Técnico De Tributos Estadual";"254415";"1";"0,0006";"2364,58";"2364,58"
"Blumenau";"4202404";"2025";"Profissionais Das Ciências E Das Artes";"Profissionais da escrita";"Crítico";"261510";"1";"0,0006";"7349,41";"7349,41"
"Blumenau";"4202404";"2025";"Profissionais Das Ciências E Das Artes";"Médicos clínicos";"Médico Hematologista";"225185";"1";"0,0006";"4396,55";"4396,55"
"Blumenau";"4202404";"2025";"Profissionais Das Ciências E Das Artes";"Engenheiros mecânicos e afins";"Tecnólogo Em Fabricação Mecânica";"214435";"1";"0,0006";"4191,4";"4191,4"
"Blumenau";"4202404";"2025";"Trabalhadores Da Produção De Bens E Serviços Industriais";"Operadores de equipamentos de filtragem e separação";"Operador De Filtro-Prensa (Tratamentos Químicos E Afins)";"811330";"1";"0,0006";"4056,63";"4056,63"
"Blumenau";"4202404";"2025";"Profissionais Das Ciências E Das Artes";"Ministros de culto, missionários, teólogos e profissionais assemelhados";"Teólogo";"263115";"1";"0,0006";"7330,71";"7330,71"
"Blumenau";"4202404";"2025";"Membros Superiores Do Poder Público, Dirigentes De Organizações De Interesse Público E De Empresas, Gerentes";"Gerentes de produção e operações em empresa agropecuária, pesqueira, aqüícola e florestal";"Gerente De Produção E Operações Agropecuárias";"141115";"1";"0,0006";"12952,66";"12952,66"
"Blumenau";"4202404";"2025";"Profissionais Das Ciências E Das Artes";"Engenheiros químicos e afins";"Engenheiro Químico (Indústria Química)";"214510";"1";"0,0006";"6569,35";"6569,35"
"Blumenau";"4202404";"2025";"(nao classificado)";"";"(sem descricao no dicionario)";"999999";"1";"0,0006";"8334,98";"8334,98"
"Blumenau";"4202404";"2025";"Profissionais Das Ciências E Das Artes";"Médicos em especialidades cirúrgicas";"Médico Ginecologista E Obstetra";"225250";"1";"0,0006";"6363,21";"6363,21"
"Blumenau";"4202404";"2025";"Profissionais Das Ciências E Das Artes";"Economistas";"Economista Ambiental";"251230";"1";"0,0006";"20641,67";"20641,67"
"Blumenau";"4202404";"2025";"Trabalhadores Agropecuários, Florestais E Da Pesca";"Trabalhadores na criação de insetos e animais úteis";"Trabalhador Na Sericicultura";"623420";"1";"0,0006";"2063,78";"2063,78"
"Blumenau";"4202404";"2025";"Profissionais Das Ciências E Das Artes";"Médicos em especialidades cirúrgicas";"Médico Mastologista";"225255";"1";"0,0006";"6752,78";"6752,78"
"Blumenau";"4202404";"2025";"Trabalhadores Dos Serviços, Vendedores Do Comércio Em Lojas E Mercados";"Trabalhadores nos serviços de administração de edifícios";"Sacristão";"514115";"1";"0,0006";"1921,35";"1921,35"
"Blumenau";"4202404";"2025";"Trabalhadores Da Produção De Bens E Serviços Industriais";"Montadores de máquinas pesadas e equipamentos agrícolas";"Montador De Equipamento De Levantamento";"725305";"1";"0,0006";"5856,74";"5856,74"
"Blumenau";"4202404";"2025";"Trabalhadores Dos Serviços, Vendedores Do Comércio Em Lojas E Mercados";"Fiscais e cobradores dos transportes coletivos";"Bilheteiro (Estações De Metrô, Ferroviárias E Assemelhadas)";"511220";"1";"0,0006";"6107,71";"6107,71"
"Blumenau";"4202404";"2025";"Técnicos De Nivel Médio";"Técnicos em museologia e afins";"Técnico Em Museologia";"371210";"1";"0,0006";"7388,72";"7388,72"
"Blumenau";"4202404";"2025";"Técnicos De Nivel Médio";"Especialistas em inspeções industriais";"Inspetor De Equipamentos";"314805";"1";"0,0006";"7157,22";"7157,22"
"Blumenau";"4202404";"2025";"Trabalhadores Dos Serviços, Vendedores Do Comércio Em Lojas E Mercados";"Trabalhadores dos serviços domésticos em geral";"Empregado Doméstico  Arrumador";"512110";"1";"0,0006";"";""
"Blumenau";"4202404";"2025";"Trabalhadores Da Produção De Bens E Serviços Industriais";"Operadores de máquinas de desdobramento da madeira";"Cortador De Laminados De Madeira";"773105";"1";"0,0006";"3674,47";"3674,47"
"Blumenau";"4202404";"2025";"Profissionais Das Ciências E Das Artes";"Engenheiros metalurgistas, de materiais e afins";"Engenheiro Metalurgista";"214610";"1";"0,0006";"6088,54";"6088,54"
"Blumenau";"4202404";"2025";"Técnicos De Nivel Médio";"Atletas profissionais";"Profissional De Atletismo";"377140";"1";"0,0006";"2410,63";"2410,63"
"Blumenau";"4202404";"2025";"Trabalhadores Da Produção De Bens E Serviços Industriais";"Trabalhadores de beneficiamento de minérios";"Moleiro De Minérios";"712105";"1";"0,0006";"3182,39";"3182,39"
"Blumenau";"4202404";"2025";"Profissionais Das Ciências E Das Artes";"Pesquisadores das ciências sociais e humanas";"Pesquisador Em História";"203520";"1";"0,0006";"3663,65";"3663,65"
"Blumenau";"4202404";"2025";"Profissionais Das Ciências E Das Artes";"Enfermeiros e afins";"Enfermeiro Estomaterapeuta";"223580";"1";"0,0006";"6266,41";"6266,41"
"Blumenau";"4202404";"2025";"Profissionais Das Ciências E Das Artes";"Professores de educação especial";"Professor De Alunos Com Deficiência Múltipla";"239220";"1";"0,0006";"10291,24";"10291,24"
"Blumenau";"4202404";"2025";"Técnicos De Nivel Médio";"Técnicos de apoio em pesquisa e desenvolvimento";"Técnico De Apoio Em Pesquisa E Desenvolvimento Agropecuário Florestal";"395110";"1";"0,0006";"2125,59";"2125,59"
"Blumenau";"4202404";"2025";"Trabalhadores Da Produção De Bens E Serviços Industriais";"Operadores de instalações de extração, processamento, envasamento e distribuição de gases";"Operador De Instalação De Extração, Processamento, Envasamento E Distribuição De Gases";"862405";"1";"0,0006";"4163,44";"4163,44"
"Blumenau";"4202404";"2025";"Técnicos De Nivel Médio";"Técnicos químicos";"Técnico De Celulose E Papel";"311110";"1";"0,0006";"5516,66";"5516,66"
"Blumenau";"4202404";"2025";"Profissionais Das Ciências E Das Artes";"Professores de ciências humanas do ensino superior";"Professor De Antropologia Do Ensino Superior";"234705";"1";"0,0006";"5108,02";"5108,02"
"Blumenau";"4202404";"2025";"Profissionais Das Ciências E Das Artes";"Economistas";"Economista";"251205";"1";"0,0006";"8364,56";"8364,56"
"Blumenau";"4202404";"2025";"Profissionais Das Ciências E Das Artes";"Engenheiros eletricistas, eletrônicos e afins";"Tecnólogo Em Telecomunicações";"214370";"1";"0,0006";"11397,07";"11397,07"
"Blumenau";"4202404";"2025";"Profissionais Das Ciências E Das Artes";"Corretores de valores, ativos financeiros, mercadorias e derivativos";"Corretor De Valores, Ativos Financeiros, Mercadorias E Derivativos";"253305";"1";"0,0006";"5394,8";"5394,8"
"Blumenau";"4202404";"2025";"Profissionais Das Ciências E Das Artes";"Pesquisadores das ciências biológicas";"Pesquisador Em Biologia Animal";"203010";"1";"0,0006";"10771,27";"10771,27"
"Blumenau";"4202404";"2025";"Trabalhadores Agropecuários, Florestais E Da Pesca";"Produtores agropecuários em geral";"Produtor Agropecuário, Em Geral";"611005";"1";"0,0006";"";""
"Blumenau";"4202404";"2025";"Trabalhadores Da Produção De Bens E Serviços Industriais";"Trabalhadores da impressão gráfica";"Impressor Tampográfico";"766245";"1";"0,0006";"2066,47";"2066,47"
"Blumenau";"4202404";"2025";"Técnicos De Nivel Médio";"Tecnólogos e técnicos em métodos de diagnósticos e terapêutica";"Dosimetrista Clínico";"324140";"1";"0,0006";"5328,93";"5328,93"
"Blumenau";"4202404";"2025";"(nao classificado)";"";"(sem descricao no dicionario)";"519330";"1";"0,0006";"2201,48";"2201,48"
"Blumenau";"4202404";"2025";"Trabalhadores Da Produção De Bens E Serviços Industriais";"Trabalhadores na industrialização de café, cacau, mate e de produtos afins";"Torrador De Café";"841610";"1";"0,0006";"4788,11";"4788,11"
"Blumenau";"4202404";"2025";"Trabalhadores Da Produção De Bens E Serviços Industriais";"Trabalhadores de moldagem de metais e de ligas metálicas";"Operador De Equipamentos De Preparação De Areia";"722325";"1";"0,0006";"";""
"Blumenau";"4202404";"2025";"Trabalhadores De Serviços Administrativos";"Entrevistadores e recenseadores";"Entrevistador Censitário E De Pesquisas Amostrais";"424105";"1";"0,0006";"2704,68";"2704,68"
"Blumenau";"4202404";"2025";"Técnicos De Nivel Médio";"Professores de nível médio no ensino profissionalizante";"Professor De Nível Médio No Ensino Profissionalizante";"331305";"1";"0,0006";"2229,76";"2229,76"
"Blumenau";"4202404";"2025";"Profissionais Das Ciências E Das Artes";"Pesquisadores das ciências da agricultura";"Pesquisador Em Ciências Agronômicas";"203405";"1";"0,0006";"9590,53";"9590,53"
"Blumenau";"4202404";"2025";"Trabalhadores Agropecuários, Florestais E Da Pesca";"Trabalhadores agrícolas na fruticultura";"Trabalhador No Cultivo De Árvores Frutíferas";"622505";"1";"0,0006";"2693,29";"2693,29"
"Blumenau";"4202404";"2025";"Trabalhadores Da Produção De Bens E Serviços Industriais";"Trabalhadores de embalagem e de etiquetagem";"Operador De Máquina De Envasar Líquidos";"784120";"1";"0,0006";"2468,85";"2468,85"
"Blumenau";"4202404";"2025";"Trabalhadores Da Produção De Bens E Serviços Industriais";"Operadores de máquinas e instalações de produtos farmacêuticos, cosméticos e afins";"Operador De Máquina De Produtos Farmacêuticos";"811805";"1";"0,0006";"4362,76";"4362,76"
"Blumenau";"4202404";"2025";"Membros Superiores Do Poder Público, Dirigentes De Organizações De Interesse Público E De Empresas, Gerentes";"Diretores de serviços de turismo, de alojamento e de alimentação";"Diretor De  Produção E Operações De Turismo";"122515";"1";"0,0006";"35537,32";"35537,32"
"Blumenau";"4202404";"2025";"Trabalhadores Da Produção De Bens E Serviços Industriais";"Trabalhadores da pintura de equipamentos, veículos, estruturas metálicas e de compósitos";"Pintor Por Imersão";"723325";"1";"0,0006";"2161,83";"2161,83"
"Blumenau";"4202404";"2025";"Profissionais Das Ciências E Das Artes";"Músicos compositores, arranjadores, regentes e musicólogos";"Músico Regente";"262615";"1";"0,0006";"2610,6";"2610,6"
"Blumenau";"4202404";"2025";"Trabalhadores Da Produção De Bens E Serviços Industriais";"Trabalhadores na fabricação e conservação de alimentos";"Trabalhador De Preparação De Pescados (Limpeza)";"841484";"1";"0,0006";"4105,51";"4105,51"
"Blumenau";"4202404";"2025";"Técnicos De Nivel Médio";"Apresentadores de eventos, programas e espetáculos";"Apresentador De Programas De Televisão";"376320";"1";"0,0006";"5731,98";"5731,98"
"Blumenau";"4202404";"2025";"Trabalhadores Dos Serviços, Vendedores Do Comércio Em Lojas E Mercados";"Vendedores em bancas, quiosques e barracas";"Jornaleiro (Em Banca De Jornal)";"524210";"1";"0,0006";"";""
"Blumenau";"4202404";"2025";"Trabalhadores Da Produção De Bens E Serviços Industriais";"Trabalhadores de caldeiraria e serralheria";"Caldeireiro (Chapas De Cobre)";"724405";"1";"0,0006";"6564,48";"6564,48"
"Blumenau";"4202404";"2025";"Técnicos De Nivel Médio";"Pilotos de aviação comercial, mecânicos de vôo e afins";"Piloto Comercial De Helicóptero (Exceto Linhas Aéreas)";"341110";"1";"0,0006";"8459,26";"8459,26"
"Blumenau";"4202404";"2025";"Profissionais Das Ciências E Das Artes";"Engenheiros químicos e afins";"Engenheiro Químico (Utilidades E Meio Ambiente)";"214530";"1";"0,0006";"16770,98";"16770,98"
"Blumenau";"4202404";"2025";"Trabalhadores Da Produção De Bens E Serviços Industriais";"Operadores de equipamentos de destilação, evaporação e reação";"Operador De Aparelho De Reação E Conversão (Produtos Químicos, Exceto Petróleo)";"811420";"1";"0,0006";"2418,47";"2418,47"
"Blumenau";"4202404";"2025";"Trabalhadores Da Produção De Bens E Serviços Industriais";"Supervisores de produção em indústrias siderúrgicas";"Mestre De Aciaria";"820110";"1";"0,0006";"3545,1";"3545,1"
"Blumenau";"4202404";"2025";"Técnicos De Nivel Médio";"Técnicos em mineração";"Técnico De Mineração (Óleo E Petróleo)";"316310";"1";"0,0006";"5677,44";"5677,44"
"Blumenau";"4202404";"2025";"Técnicos De Nivel Médio";"Técnicos em controle ambiental, utilidades e tratamento de efluentes";"Técnico De Utilidade (Produção E Distribuição De Vapor, Gases, Óleos, Combustíveis, Energia)";"311515";"1";"0,0006";"2863,59";"2863,59"
"Blumenau";"4202404";"2025";"Profissionais Das Ciências E Das Artes";"Engenheiros de alimentos e afins";"Tecnólogo Em Alimentos";"222215";"1";"0,0006";"7786,67";"7786,67"
"Blumenau";"4202404";"2025";"Técnicos De Nivel Médio";"Desenhistas projetistas e modelistas de produtos e serviços diversos";"Modelista De Calçados";"318815";"1";"0,0006";"3726,85";"3726,85"
"Blumenau";"4202404";"2025";"Trabalhadores Da Produção De Bens E Serviços Industriais";"Trabalhadores da confecção de artefatos de tecidos, couros e sintéticos";"Colchoeiro (Confecção De Colchões)";"765205";"1";"0,0006";"";""
"Blumenau";"4202404";"2025";"Profissionais Das Ciências E Das Artes";"Arquitetos e urbanistas";"Arquiteto De Patrimônio";"214115";"1";"0,0006";"2287,04";"2287,04"
"Blumenau";"4202404";"2025";"Técnicos De Nivel Médio";"Captadores de imagens em movimento";"Iluminador (Televisão)";"372110";"1";"0,0006";"2166,67";"2166,67"
"Blumenau";"4202404";"2025";"Técnicos De Nivel Médio";"Desenhistas técnicos de produtos e serviços diversos";"Desenhista Técnico (Mobiliário)";"318425";"1";"0,0006";"4013,75";"4013,75"
"Blumenau";"4202404";"2025";"Técnicos De Nivel Médio";"Técnicos em calibração e instrumentação";"Técnico Em Calibração";"313405";"1";"0,0006";"2849,57";"2849,57"
"Blumenau";"4202404";"2025";"Profissionais Das Ciências E Das Artes";"Chefes de cozinha e afins";"Tecnólogo Em Gastronomia";"271110";"1";"0,0006";"4835,1";"4835,1"
"Blumenau";"4202404";"2025";"Trabalhadores De Serviços Administrativos";"Trabalhadores nos serviços de classificação e entregas de correspondências, encomendas e publicações";"Entregador De Publicações";"415215";"1";"0,0006";"2887,97";"2887,97"
"Blumenau";"4202404";"2025";"Trabalhadores Agropecuários, Florestais E Da Pesca";"Trabalhadores agrícolas no cultivo de flores e plantas ornamentais";"Trabalhador No Cultivo De Flores E Folhagens De Corte";"622405";"1";"0,0006";"1498,62";"1498,62"
"Blumenau";"4202404";"2025";"Membros Superiores Do Poder Público, Dirigentes De Organizações De Interesse Público E De Empresas, Gerentes";"Diretores de operações de serviços em empresa de armazenamento, de transporte e de telecomunicação";"Diretor De Operações De Serviços De Transporte";"122620";"1";"0,0006";"6811,21";"6811,21"
"Blumenau";"4202404";"2025";"Técnicos De Nivel Médio";"Especialistas em inspeções industriais";"Inspetor De Dutos";"314825";"1";"0,0006";"13484,94";"13484,94"
"Blumenau";"4202404";"2025";"Trabalhadores De Serviços Administrativos";"Supervisores de atendimento ao público e de pesquisa";"Supervisor De Coletadores De Apostas E De Jogos";"420115";"1";"0,0006";"3849,03";"3849,03"
"Blumenau";"4202404";"2025";"Técnicos De Nivel Médio";"Tecnólogos e técnicos em métodos de diagnósticos e terapêutica";"Tecnólogo Oftálmico";"324125";"1";"0,0006";"8796,82";"8796,82"
"Blumenau";"4202404";"2025";"Trabalhadores Da Produção De Bens E Serviços Industriais";"Trabalhadores de arte e  do acabamento em madeira do mobiliário";"Lustrador De Peças De Madeira";"775115";"1";"0,0006";"4974,58";"4974,58"
"Blumenau";"4202404";"2025";"Profissionais Das Ciências E Das Artes";"Pesquisadores das ciências biológicas";"Pesquisador Em Biologia Ambiental";"203005";"1";"0,0006";"8386,08";"8386,08"
"Blumenau";"4202404";"2025";"Profissionais Das Ciências E Das Artes";"Pesquisadores de engenharia e tecnologia";"Pesquisador De Engenharia Metalúrgica, De Minas E De Materiais";"203225";"1";"0,0006";"8534,76";"8534,76"
"Blumenau";"4202404";"2025";"Técnicos De Nivel Médio";"Técnicos marítimos e fluviários de máquinas";"Condutor Maquinista Motorista Fluvial";"341305";"1";"0,0006";"8265,21";"8265,21"
"Blumenau";"4202404";"2025";"Trabalhadores Da Produção De Bens E Serviços Industriais";"Trabalhadores tipográficos linotipistas e afins";"Pintor De Letreiros";"768625";"1";"0,0006";"";""
"Blumenau";"4202404";"2025";"Trabalhadores Em Serviços De Reparação E Manutenção";"Trabalhadores operacionais de conservação de vias permanentes (exceto trilhos)";"Encarregado De Equipe De Conservação De Vias Permanentes (Exceto Trilhos)";"992210";"1";"0,0006";"4667,06";"4667,06"
"Blumenau";"4202404";"2025";"Técnicos De Nivel Médio";"Técnicos em geologia";"Técnico Em Geologia";"316110";"1";"0,0006";"3013,02";"3013,02"
"Blumenau";"4202404";"2025";"Trabalhadores Da Produção De Bens E Serviços Industriais";"Revestidores de concreto";"Revestidor De Superfícies De Concreto";"716110";"1";"0,0006";"4019,05";"4019,05"
"Blumenau";"4202404";"2025";"Profissionais Das Ciências E Das Artes";"Fotógrafos profissionais";"Fotógrafo Retratista";"261815";"1";"0,0006";"2820,61";"2820,61"
"Blumenau";"4202404";"2025";"Trabalhadores Da Produção De Bens E Serviços Industriais";"Montadores de veículos automotores (linha de montagem)";"Operador De Time De Montagem";"725510";"1";"0,0006";"5278,83";"5278,83"
"Blumenau";"4202404";"2025";"Trabalhadores Da Produção De Bens E Serviços Industriais";"Supervisores de usinagem, conformação e tratamento de metais";"Mestre (Afiador De Ferramentas)";"720105";"1";"0,0006";"5838,44";"5838,44"
"Blumenau";"4202404";"2025";"Profissionais Das Ciências E Das Artes";"Cenógrafos";"Cenógrafo De Eventos";"262315";"1";"0,0006";"2104,39";"2104,39"
"Blumenau";"4202404";"2025";"Profissionais Das Ciências E Das Artes";"Pesquisadores das ciências sociais e humanas";"Pesquisador Em Ciências Da Educação";"203515";"1";"0,0006";"15706,14";"15706,14"
"Blumenau";"4202404";"2025";"Profissionais Das Ciências E Das Artes";"Nutricionistas";"Dietista";"223705";"1";"0,0006";"1643,33";"1643,33"
"Blumenau";"4202404";"2025";"Trabalhadores Em Serviços De Reparação E Manutenção";"Mecânicos de manutenção de máquinas pesadas e equipamentos agrícolas";"Mecânico De Manutenção De Equipamento De Mineração";"913110";"1";"0,0006";"1904,56";"1904,56"
"Blumenau";"4202404";"2025";"Trabalhadores Da Produção De Bens E Serviços Industriais";"Operadores de máquinas na fabricação de produtos de papel e papelão";"Operador De Prensa De Embutir Papelão";"833125";"1";"0,0006";"3090,02";"3090,02"
"Blumenau";"4202404";"2025";"Profissionais Das Ciências E Das Artes";"Engenheiros químicos e afins";"Engenheiro Químico (Petróleo E Borracha)";"214525";"1";"0,0006";"13778,01";"13778,01"
"Blumenau";"4202404";"2025";"Trabalhadores Da Produção De Bens E Serviços Industriais";"Marceneiros e afins";"Tanoeiro";"771120";"1";"0,0006";"2149,54";"2149,54"
"Blumenau";"4202404";"2025";"Profissionais Das Ciências E Das Artes";"Médicos em medicina diagnóstica e terapêutica";"Médico Em Medicina Nuclear";"225315";"1";"0,0006";"";""
"Blumenau";"4202404";"2025";"Técnicos De Nivel Médio";"Serventuários da justiça e afins";"Oficial De Justiça";"351425";"1";"0,0006";"3168,55";"3168,55"
"Blumenau";"4202404";"2025";"Trabalhadores Da Produção De Bens E Serviços Industriais";"Trabalhadores da pré-impressão gráfica";"Gravador De Matriz Para Rotogravura (Eletromecânico E Químico)";"766130";"1";"0,0006";"2033,71";"2033,71"
"Blumenau";"4202404";"2025";"Profissionais Das Ciências E Das Artes";"Médicos clínicos";"Médico De Família E Comunidade";"225130";"1";"0,0006";"15015,92";"15015,92"
"Blumenau";"4202404";"2025";"Trabalhadores Da Produção De Bens E Serviços Industriais";"Instaladores-reparadores de  linhas e equipamentos de telecomunicações";"Instalador-Reparador De Equipamentos De Energia Em Telefonia";"731310";"1";"0,0006";"5538,59";"5538,59"
"Blumenau";"4202404";"2025";"Trabalhadores Da Produção De Bens E Serviços Industriais";"Trabalhadores na fabricação de cachaça, cerveja, vinhos e outras bebidas";"Alambiqueiro";"841705";"1";"0,0006";"";""
"Blumenau";"4202404";"2025";"Profissionais Das Ciências E Das Artes";"Psicólogos e psicanalistas";"Psicanalista";"251550";"1";"0,0006";"3143,44";"3143,44"
"Blumenau";"4202404";"2025";"Técnicos De Nivel Médio";"Especialistas em inspeções industriais";"Inspetor De Ensaios Não Destrutivos";"314815";"1";"0,0006";"836,91";"836,91"
"Blumenau";"4202404";"2025";"Profissionais Das Ciências E Das Artes";"Fotógrafos profissionais";"Repórter Fotográfico";"261820";"1";"0,0006";"6534,05";"6534,05"
"Blumenau";"4202404";"2025";"Profissionais Das Ciências E Das Artes";"Diretores de espetáculos e afins";"Diretor De Programas De Rádio";"262210";"1";"0,0006";"7371,24";"7371,24"
"Blumenau";"4202404";"2025";"Profissionais Das Ciências E Das Artes";"Engenheiros agrimensores e engenheiros cartógrafos";"Engenheiro Agrimensor";"214805";"1";"0,0006";"10584,23";"10584,23"
